train,test,val
919_right.jpg,2368_right.jpg,132_left.jpg
33_left.jpg,3067_right.jpg,4225_left.jpg
2913_left.jpg,3066_right.jpg,2661_left.jpg
2349_right.jpg,2983_right.jpg,2841_right.jpg
951_left.jpg,2989_right.jpg,2391_left.jpg
362_left.jpg,2955_left.jpg,3262_left.jpg
3156_left.jpg,4208_left.jpg,2420_left.jpg
3391_right.jpg,2923_left.jpg,3119_left.jpg
2523_right.jpg,3126_left.jpg,511_left.jpg
3298_right.jpg,2348_left.jpg,3014_left.jpg
2493_right.jpg,2917_left.jpg,4641_left.jpg
509_left.jpg,1061_right.jpg,2653_left.jpg
1151_left.jpg,2237_left.jpg,2356_left.jpg
990_left.jpg,515_left.jpg,2699_left.jpg
3106_right.jpg,1485_left.jpg,2564_left.jpg
460_right.jpg,3169_left.jpg,2363_right.jpg
276_right.jpg,3007_left.jpg,614_right.jpg
3167_right.jpg,2537_right.jpg,2649_right.jpg
933_left.jpg,2561_left.jpg,3365_right.jpg
2616_right.jpg,2786_right.jpg,2987_left.jpg
2608_right.jpg,780_right.jpg,4535_left.jpg
3405_right.jpg,2884_right.jpg,2467_right.jpg
3016_left.jpg,2480_right.jpg,2766_left.jpg
2622_right.jpg,2610_right.jpg,3129_left.jpg
845_right.jpg,3387_right.jpg,1417_left.jpg
1114_right.jpg,2936_left.jpg,2862_left.jpg
3385_right.jpg,3285_right.jpg,648_right.jpg
59_left.jpg,4154_left.jpg,4548_right.jpg
2732_right.jpg,3404_left.jpg,3232_left.jpg
3419_right.jpg,2636_right.jpg,325_right.jpg
2465_right.jpg,903_left.jpg,3281_left.jpg
1129_right.jpg,3108_right.jpg,4146_left.jpg
3159_right.jpg,4414_left.jpg,2738_left.jpg
2533_right.jpg,2353_right.jpg,2345_right.jpg
3418_right.jpg,2991_right.jpg,4308_left.jpg
2472_left.jpg,2152_right.jpg,2771_right.jpg
2631_right.jpg,2569_left.jpg,403_right.jpg
275_left.jpg,3020_left.jpg,4130_left.jpg
2824_left.jpg,3287_right.jpg,2367_left.jpg
1080_right.jpg,2990_left.jpg,3361_left.jpg
2798_right.jpg,83_left.jpg,3334_right.jpg
846_right.jpg,693_right.jpg,2939_right.jpg
909_right.jpg,2537_left.jpg,3160_left.jpg
151_left.jpg,859_left.jpg,2376_right.jpg
3316_left.jpg,2921_left.jpg,2422_left.jpg
1491_right.jpg,2566_left.jpg,3103_left.jpg
2769_right.jpg,2668_right.jpg,2534_left.jpg
994_left.jpg,2729_left.jpg,2830_right.jpg
2548_left.jpg,2784_left.jpg,2824_right.jpg
2552_right.jpg,2628_left.jpg,2426_right.jpg
2457_left.jpg,8_right.jpg,2487_right.jpg
3075_left.jpg,2746_right.jpg,2432_left.jpg
2502_left.jpg,2723_left.jpg,2429_right.jpg
2541_left.jpg,3248_left.jpg,522_left.jpg
3340_left.jpg,1476_left.jpg,3065_left.jpg
351_right.jpg,1262_left.jpg,3247_right.jpg
2662_left.jpg,150_right.jpg,3406_right.jpg
3290_right.jpg,618_right.jpg,2864_left.jpg
2609_right.jpg,416_left.jpg,4082_right.jpg
2877_left.jpg,2405_left.jpg,3247_left.jpg
2820_left.jpg,14_left.jpg,3415_right.jpg
3175_left.jpg,2414_right.jpg,4118_left.jpg
3172_left.jpg,2505_right.jpg,464_right.jpg
3239_right.jpg,2760_right.jpg,2805_left.jpg
2523_left.jpg,2935_right.jpg,2854_left.jpg
2432_right.jpg,2475_right.jpg,4455_right.jpg
3356_right.jpg,2702_right.jpg,2549_left.jpg
467_left.jpg,4058_left.jpg,1975_right.jpg
2850_right.jpg,3315_left.jpg,3295_left.jpg
3004_left.jpg,2528_right.jpg,3186_left.jpg
2592_right.jpg,2665_left.jpg,2511_left.jpg
4245_left.jpg,3020_right.jpg,3381_right.jpg
3389_right.jpg,766_left.jpg,2945_right.jpg
2355_left.jpg,3250_left.jpg,1424_right.jpg
2399_right.jpg,580_left.jpg,38_right.jpg
2625_right.jpg,2558_right.jpg,3165_left.jpg
2721_left.jpg,443_right.jpg,2769_left.jpg
2415_right.jpg,3434_right.jpg,3960_right.jpg
2499_left.jpg,2332_left.jpg,3211_right.jpg
60_left.jpg,2789_left.jpg,68_left.jpg
2630_left.jpg,2790_left.jpg,1034_left.jpg
2858_left.jpg,98_right.jpg,3034_right.jpg
302_left.jpg,2887_right.jpg,2567_right.jpg
3095_left.jpg,2833_left.jpg,3029_left.jpg
49_right.jpg,3293_right.jpg,459_left.jpg
3142_right.jpg,2479_right.jpg,3010_right.jpg
2944_left.jpg,2794_right.jpg,2540_left.jpg
2779_left.jpg,2372_right.jpg,3037_right.jpg
2600_left.jpg,3199_right.jpg,1018_right.jpg
3441_left.jpg,3129_right.jpg,4172_right.jpg
2707_right.jpg,2837_left.jpg,740_left.jpg
488_left.jpg,4392_left.jpg,3306_right.jpg
2617_right.jpg,628_right.jpg,3293_left.jpg
426_left.jpg,662_left.jpg,295_left.jpg
3028_right.jpg,4621_left.jpg,2642_left.jpg
3420_left.jpg,3105_right.jpg,2423_right.jpg
4219_left.jpg,2205_left.jpg,2375_left.jpg
2343_right.jpg,2675_left.jpg,4194_right.jpg
1478_right.jpg,2791_right.jpg,3268_right.jpg
4271_left.jpg,3046_right.jpg,3374_right.jpg
3188_left.jpg,2402_left.jpg,3206_right.jpg
2755_left.jpg,2712_right.jpg,2332_right.jpg
2669_left.jpg,2925_left.jpg,3151_left.jpg
1494_right.jpg,2418_left.jpg,458_right.jpg
1253_right.jpg,3307_right.jpg,3177_right.jpg
2598_left.jpg,2852_left.jpg,3217_left.jpg
4139_right.jpg,1074_right.jpg,3309_left.jpg
2953_left.jpg,2690_left.jpg,2989_left.jpg
2696_left.jpg,2625_left.jpg,3163_right.jpg
3346_right.jpg,56_left.jpg,3185_left.jpg
2929_right.jpg,3054_left.jpg,633_left.jpg
3379_right.jpg,42_left.jpg,3207_right.jpg
2798_left.jpg,78_right.jpg,2717_left.jpg
2814_left.jpg,4374_left.jpg,2508_left.jpg
3411_left.jpg,2364_left.jpg,2974_left.jpg
3313_right.jpg,2750_right.jpg,3290_left.jpg
1162_left.jpg,1039_right.jpg,3403_right.jpg
2881_right.jpg,2624_right.jpg,4163_right.jpg
3403_left.jpg,4248_right.jpg,25_left.jpg
3112_left.jpg,2849_left.jpg,3042_left.jpg
2703_right.jpg,1240_left.jpg,3409_right.jpg
2384_left.jpg,4335_right.jpg,3410_left.jpg
1447_right.jpg,3443_left.jpg,1016_left.jpg
2995_left.jpg,2868_right.jpg,3250_right.jpg
832_left.jpg,2962_right.jpg,2967_left.jpg
4409_right.jpg,2628_right.jpg,2660_left.jpg
2689_left.jpg,2859_left.jpg,2733_left.jpg
1191_right.jpg,3397_left.jpg,1075_right.jpg
2634_right.jpg,3157_left.jpg,434_left.jpg
2484_left.jpg,3057_right.jpg,2480_left.jpg
3145_left.jpg,2456_right.jpg,3154_left.jpg
317_left.jpg,3288_right.jpg,3274_right.jpg
4368_left.jpg,3033_left.jpg,3062_right.jpg
2360_left.jpg,2519_left.jpg,2644_left.jpg
2435_left.jpg,3170_right.jpg,103_right.jpg
4330_left.jpg,3191_right.jpg,2411_right.jpg
3318_left.jpg,3998_right.jpg,3028_left.jpg
837_right.jpg,3209_left.jpg,2557_left.jpg
1054_left.jpg,2470_right.jpg,3231_right.jpg
3189_left.jpg,2997_right.jpg,3178_right.jpg
2667_left.jpg,966_right.jpg,3122_right.jpg
4354_right.jpg,2844_right.jpg,350_right.jpg
2460_right.jpg,418_right.jpg,3008_left.jpg
2778_right.jpg,3005_right.jpg,4577_left.jpg
3350_right.jpg,2949_left.jpg,2433_right.jpg
555_right.jpg,140_left.jpg,63_left.jpg
2557_right.jpg,3064_left.jpg,1010_left.jpg
2545_right.jpg,141_right.jpg,2190_left.jpg
2847_right.jpg,2678_right.jpg,2975_left.jpg
3283_left.jpg,3078_right.jpg,3437_right.jpg
2340_right.jpg,2342_left.jpg,4063_right.jpg
884_right.jpg,3364_left.jpg,2904_left.jpg
2434_right.jpg,2898_right.jpg,97_left.jpg
901_left.jpg,3188_right.jpg,2823_left.jpg
2657_left.jpg,4230_left.jpg,2788_right.jpg
2559_left.jpg,2913_right.jpg,848_right.jpg
3187_left.jpg,3282_right.jpg,3339_right.jpg
3400_left.jpg,2492_left.jpg,2395_left.jpg
294_right.jpg,3130_left.jpg,3284_left.jpg
925_left.jpg,405_left.jpg,2485_right.jpg
2698_left.jpg,3424_left.jpg,2177_left.jpg
2551_left.jpg,2937_right.jpg,3260_left.jpg
623_right.jpg,3416_left.jpg,695_left.jpg
2366_left.jpg,4660_right.jpg,2900_right.jpg
3235_right.jpg,2948_left.jpg,3013_left.jpg
3330_left.jpg,2903_left.jpg,3271_left.jpg
2445_left.jpg,1143_right.jpg,3081_right.jpg
3251_right.jpg,2693_right.jpg,2410_right.jpg
2162_left.jpg,3066_left.jpg,3180_left.jpg
2749_right.jpg,1253_left.jpg,3311_left.jpg
3257_right.jpg,3441_right.jpg,2938_right.jpg
2553_left.jpg,2601_right.jpg,2821_left.jpg
2935_left.jpg,2919_left.jpg,2097_left.jpg
3324_left.jpg,2487_left.jpg,208_right.jpg
866_left.jpg,3227_left.jpg,4322_right.jpg
3044_right.jpg,1072_right.jpg,4527_right.jpg
2479_left.jpg,3292_left.jpg,2881_left.jpg
2782_right.jpg,2711_right.jpg,2666_right.jpg
2593_left.jpg,2942_right.jpg,483_right.jpg
2764_left.jpg,3338_right.jpg,650_left.jpg
2760_left.jpg,3072_left.jpg,591_left.jpg
3319_left.jpg,924_left.jpg,1296_left.jpg
2667_right.jpg,2356_right.jpg,2878_left.jpg
3002_right.jpg,3399_right.jpg,2335_right.jpg
2780_left.jpg,3036_left.jpg,4437_right.jpg
1990_left.jpg,900_left.jpg,2614_left.jpg
2889_left.jpg,2872_right.jpg,3229_right.jpg
4060_left.jpg,2682_right.jpg,2132_right.jpg
2806_left.jpg,2821_right.jpg,3305_right.jpg
4571_left.jpg,2390_right.jpg,2959_right.jpg
2329_right.jpg,3116_right.jpg,3226_right.jpg
679_right.jpg,2095_left.jpg,2489_left.jpg
2921_right.jpg,2888_left.jpg,2836_left.jpg
2527_right.jpg,2768_left.jpg,4074_right.jpg
2505_left.jpg,1122_right.jpg,1013_left.jpg
3300_right.jpg,3131_left.jpg,2604_right.jpg
2436_right.jpg,2501_right.jpg,4038_left.jpg
228_left.jpg,2570_right.jpg,1364_left.jpg
1441_right.jpg,2593_right.jpg,1032_left.jpg
2539_left.jpg,3058_left.jpg,2503_left.jpg
3385_left.jpg,2627_right.jpg,3203_right.jpg
2370_left.jpg,47_right.jpg,4186_left.jpg
236_right.jpg,1556_right.jpg,2412_left.jpg
3350_left.jpg,2602_right.jpg,3431_left.jpg
3134_left.jpg,3355_right.jpg,2507_left.jpg
2365_right.jpg,3124_left.jpg,3045_right.jpg
4459_left.jpg,2704_right.jpg,3246_right.jpg
482_right.jpg,982_left.jpg,3089_right.jpg
2889_right.jpg,2705_left.jpg,3343_right.jpg
2906_left.jpg,417_right.jpg,2506_left.jpg
2359_right.jpg,4290_right.jpg,2829_left.jpg
2883_right.jpg,3212_right.jpg,4531_left.jpg
2632_left.jpg,598_right.jpg,3395_left.jpg
2462_left.jpg,202_left.jpg,2980_left.jpg
3337_right.jpg,2476_left.jpg,827_left.jpg
2699_right.jpg,2954_left.jpg,2709_right.jpg
2538_right.jpg,2627_left.jpg,4016_right.jpg
3081_left.jpg,2853_right.jpg,4052_right.jpg
3000_right.jpg,2965_right.jpg,3310_right.jpg
3091_right.jpg,3114_left.jpg,2680_left.jpg
65_right.jpg,2631_left.jpg,3430_right.jpg
2981_left.jpg,2778_left.jpg,2577_right.jpg
3093_left.jpg,2869_right.jpg,1041_left.jpg
2343_left.jpg,3354_left.jpg,3018_right.jpg
3149_left.jpg,2677_right.jpg,3368_right.jpg
3291_left.jpg,1172_right.jpg,2809_left.jpg
2641_right.jpg,2125_right.jpg,3234_right.jpg
3111_right.jpg,3170_left.jpg,1145_right.jpg
2705_right.jpg,3018_left.jpg,3205_left.jpg
2991_left.jpg,2915_right.jpg,2796_left.jpg
805_right.jpg,771_right.jpg,4352_left.jpg
2979_left.jpg,3019_left.jpg,117_left.jpg
3327_right.jpg,2860_left.jpg,1450_right.jpg
2451_right.jpg,3071_left.jpg,915_left.jpg
2121_right.jpg,124_left.jpg,2852_right.jpg
2903_right.jpg,3110_right.jpg,2424_left.jpg
2977_left.jpg,2426_left.jpg,523_left.jpg
4302_right.jpg,385_left.jpg,2687_left.jpg
3190_right.jpg,2417_right.jpg,2490_left.jpg
2334_left.jpg,2653_right.jpg,2820_right.jpg
2770_right.jpg,2355_right.jpg,2963_left.jpg
2546_left.jpg,2609_left.jpg,3051_right.jpg
2738_right.jpg,2873_right.jpg,273_left.jpg
3301_right.jpg,3999_right.jpg,2834_right.jpg
2454_left.jpg,513_left.jpg,2481_left.jpg
3218_left.jpg,500_right.jpg,2920_right.jpg
3208_left.jpg,3341_left.jpg,3276_right.jpg
2858_right.jpg,2715_left.jpg,1053_left.jpg
3104_right.jpg,3187_right.jpg,3132_right.jpg
3414_left.jpg,307_left.jpg,159_right.jpg
2756_right.jpg,2617_left.jpg,2594_left.jpg
3444_left.jpg,2927_left.jpg,4576_left.jpg
4360_left.jpg,2535_right.jpg,2908_left.jpg
2953_right.jpg,3249_left.jpg,878_right.jpg
3285_left.jpg,2774_left.jpg,3109_right.jpg
4024_left.jpg,2924_right.jpg,3143_left.jpg
2807_right.jpg,503_right.jpg,3255_right.jpg
196_right.jpg,2619_left.jpg,2419_left.jpg
4438_left.jpg,3245_left.jpg,2723_right.jpg
3259_left.jpg,2835_left.jpg,3288_left.jpg
2616_left.jpg,3392_left.jpg,2911_left.jpg
4475_left.jpg,987_right.jpg,3162_right.jpg
4428_right.jpg,4123_right.jpg,3242_right.jpg
2481_right.jpg,2396_right.jpg,3059_left.jpg
3168_left.jpg,2831_left.jpg,3073_right.jpg
3439_right.jpg,2443_left.jpg,2713_right.jpg
4464_left.jpg,2413_right.jpg,2507_right.jpg
2722_right.jpg,3149_right.jpg,2758_right.jpg
3092_left.jpg,2642_right.jpg,3422_left.jpg
3094_right.jpg,2467_left.jpg,2948_right.jpg
1280_right.jpg,2539_right.jpg,641_left.jpg
2764_right.jpg,3312_right.jpg,548_right.jpg
1005_right.jpg,2663_right.jpg,3243_right.jpg
4590_right.jpg,3253_left.jpg,2526_left.jpg
3146_right.jpg,2585_right.jpg,613_right.jpg
3347_left.jpg,2541_right.jpg,2926_right.jpg
544_left.jpg,545_right.jpg,468_left.jpg
271_right.jpg,3131_right.jpg,1837_left.jpg
3309_right.jpg,3174_right.jpg,3012_left.jpg
2792_right.jpg,2792_left.jpg,2572_left.jpg
2850_left.jpg,549_right.jpg,834_left.jpg
2815_left.jpg,2708_left.jpg,1008_left.jpg
3157_right.jpg,2887_left.jpg,3038_left.jpg
2610_left.jpg,227_left.jpg,3380_left.jpg
3042_right.jpg,2937_left.jpg,3166_right.jpg
587_right.jpg,2556_right.jpg,2465_left.jpg
3180_right.jpg,2862_right.jpg,2511_right.jpg
4512_left.jpg,2804_right.jpg,2908_right.jpg
4377_left.jpg,738_right.jpg,3949_left.jpg
4100_left.jpg,2357_left.jpg,606_left.jpg
3249_right.jpg,2371_right.jpg,3357_right.jpg
3216_left.jpg,896_left.jpg,2560_right.jpg
2670_right.jpg,2952_left.jpg,2901_left.jpg
2861_right.jpg,182_right.jpg,2793_right.jpg
3140_right.jpg,3406_left.jpg,147_left.jpg
2413_left.jpg,347_left.jpg,99_right.jpg
245_left.jpg,3332_left.jpg,3099_right.jpg
3430_left.jpg,2681_left.jpg,2366_right.jpg
3427_left.jpg,3372_right.jpg,2525_left.jpg
2361_right.jpg,3375_left.jpg,74_right.jpg
2843_left.jpg,758_left.jpg,105_right.jpg
3324_right.jpg,3435_left.jpg,2763_left.jpg
2807_left.jpg,2650_right.jpg,2811_right.jpg
977_right.jpg,3317_right.jpg,10_right.jpg
4218_left.jpg,1096_left.jpg,2486_right.jpg
4292_left.jpg,3182_left.jpg,3351_right.jpg
1165_left.jpg,2587_right.jpg,2509_left.jpg
894_left.jpg,1169_right.jpg,384_left.jpg
2722_left.jpg,2791_left.jpg,172_right.jpg
2669_right.jpg,2362_right.jpg,2441_left.jpg
2484_right.jpg,3005_left.jpg,1054_right.jpg
1097_left.jpg,4417_left.jpg,3174_left.jpg
705_right.jpg,2364_right.jpg,144_right.jpg
2623_left.jpg,912_right.jpg,2335_left.jpg
3012_right.jpg,2410_left.jpg,3357_left.jpg
2706_left.jpg,125_right.jpg,3389_left.jpg
3197_right.jpg,2630_right.jpg,2818_left.jpg
2944_right.jpg,2969_right.jpg,4209_left.jpg
2586_left.jpg,2562_left.jpg,2664_left.jpg
2939_left.jpg,2466_right.jpg,2806_right.jpg
4542_left.jpg,3424_right.jpg,2932_left.jpg
2904_right.jpg,3297_right.jpg,2478_left.jpg
2719_right.jpg,1406_right.jpg,2639_left.jpg
3283_right.jpg,4267_left.jpg,2677_left.jpg
303_left.jpg,824_right.jpg,2384_right.jpg
2378_right.jpg,2902_right.jpg,1619_left.jpg
3065_right.jpg,3153_left.jpg,3390_left.jpg
2143_left.jpg,3382_right.jpg,2401_right.jpg
4639_left.jpg,3271_right.jpg,1058_left.jpg
3074_right.jpg,620_left.jpg,2447_left.jpg
3298_left.jpg,2466_left.jpg,2526_right.jpg
3286_left.jpg,3113_left.jpg,2595_left.jpg
3345_left.jpg,736_left.jpg,2371_left.jpg
3219_right.jpg,112_left.jpg,2942_left.jpg
702_left.jpg,24_left.jpg,3371_right.jpg
2605_right.jpg,2626_left.jpg,2621_left.jpg
2976_left.jpg,3333_right.jpg,2971_left.jpg
2525_right.jpg,2801_left.jpg,2561_right.jpg
2449_left.jpg,2524_right.jpg,3015_right.jpg
701_left.jpg,2595_right.jpg,2416_left.jpg
2911_right.jpg,2436_left.jpg,2376_left.jpg
3156_right.jpg,3405_left.jpg,2377_left.jpg
3419_left.jpg,975_left.jpg,3140_left.jpg
3316_right.jpg,3002_left.jpg,2574_left.jpg
1060_right.jpg,3145_right.jpg,3342_right.jpg
2810_left.jpg,2333_left.jpg,2362_left.jpg
2915_left.jpg,3374_left.jpg,3337_left.jpg
2424_right.jpg,552_right.jpg,2899_right.jpg
2586_right.jpg,2955_right.jpg,2742_right.jpg
3193_right.jpg,3323_left.jpg,1541_right.jpg
3086_right.jpg,3083_right.jpg,3200_left.jpg
1610_right.jpg,2728_right.jpg,2708_right.jpg
2385_left.jpg,3080_right.jpg,3366_right.jpg
2943_right.jpg,4141_left.jpg,940_right.jpg
3318_right.jpg,2633_right.jpg,2761_left.jpg
3110_left.jpg,166_left.jpg,3102_left.jpg
2941_right.jpg,2695_right.jpg,2883_left.jpg
3216_right.jpg,3380_right.jpg,3307_left.jpg
3225_left.jpg,278_left.jpg,2739_right.jpg
2641_left.jpg,2495_right.jpg,282_right.jpg
2800_left.jpg,2808_right.jpg,2408_right.jpg
785_left.jpg,1011_left.jpg,376_left.jpg
2998_right.jpg,3128_right.jpg,2492_right.jpg
66_right.jpg,2932_right.jpg,2683_left.jpg
4059_left.jpg,3084_right.jpg,2984_left.jpg
3444_right.jpg,2388_left.jpg,2397_left.jpg
854_left.jpg,2506_right.jpg,3003_left.jpg
2679_right.jpg,3348_left.jpg,2839_left.jpg
3069_right.jpg,4594_left.jpg,1123_left.jpg
3362_left.jpg,3450_right.jpg,2818_right.jpg
3436_right.jpg,2461_left.jpg,1423_right.jpg
1486_right.jpg,3371_left.jpg,427_right.jpg
1510_left.jpg,2949_right.jpg,3354_right.jpg
1489_right.jpg,2735_right.jpg,3017_left.jpg
2644_right.jpg,2832_left.jpg,3125_left.jpg
2638_right.jpg,3269_right.jpg,1198_right.jpg
3266_left.jpg,160_left.jpg,4275_right.jpg
3009_left.jpg,4238_left.jpg,2829_right.jpg
2748_right.jpg,3082_right.jpg,906_right.jpg
1299_right.jpg,2446_left.jpg,3106_left.jpg
2575_right.jpg,2513_left.jpg,1124_right.jpg
2391_right.jpg,3223_right.jpg,194_left.jpg
2970_left.jpg,3048_left.jpg,2579_left.jpg
1503_left.jpg,2701_left.jpg,3200_right.jpg
2701_right.jpg,2865_right.jpg,893_right.jpg
2982_right.jpg,2905_right.jpg,2966_right.jpg
3183_left.jpg,694_right.jpg,470_right.jpg
2909_left.jpg,2902_left.jpg,2372_left.jpg
3089_left.jpg,2449_right.jpg,3108_left.jpg
3223_left.jpg,2968_left.jpg,643_left.jpg
3244_right.jpg,2572_right.jpg,146_left.jpg
2649_left.jpg,3348_right.jpg,3054_right.jpg
2978_right.jpg,3014_right.jpg,2711_left.jpg
3064_right.jpg,3211_left.jpg,4373_left.jpg
2599_right.jpg,255_left.jpg,100_right.jpg
2726_left.jpg,457_left.jpg,2119_left.jpg
4458_right.jpg,2428_left.jpg,575_left.jpg
3425_left.jpg,1666_left.jpg,3144_right.jpg
4229_left.jpg,2687_right.jpg,3414_right.jpg
2952_right.jpg,652_right.jpg,3059_right.jpg
2363_left.jpg,3228_left.jpg,2172_right.jpg
2672_left.jpg,2502_right.jpg,922_right.jpg
3035_right.jpg,1119_right.jpg,2597_right.jpg
3246_left.jpg,3229_left.jpg,3417_left.jpg
2661_right.jpg,3127_left.jpg,3113_right.jpg
3203_left.jpg,214_left.jpg,3176_right.jpg
3257_left.jpg,2659_right.jpg,2834_left.jpg
335_left.jpg,2797_right.jpg,3422_right.jpg
313_left.jpg,3023_right.jpg,3094_left.jpg
2719_left.jpg,2933_right.jpg,2187_left.jpg
2553_right.jpg,2684_right.jpg,3092_right.jpg
3984_right.jpg,3117_right.jpg,3162_left.jpg
2554_right.jpg,2864_right.jpg,573_left.jpg
559_left.jpg,3260_right.jpg,1519_left.jpg
336_right.jpg,2841_left.jpg,2596_left.jpg
2454_right.jpg,4361_left.jpg,2565_left.jpg
2458_right.jpg,84_left.jpg,2406_right.jpg
1066_right.jpg,3296_right.jpg,2354_left.jpg
2514_right.jpg,2403_right.jpg,3433_left.jpg
3262_right.jpg,2846_right.jpg,2349_left.jpg
2817_left.jpg,2819_left.jpg,2547_right.jpg
121_right.jpg,2563_right.jpg,3069_left.jpg
3304_left.jpg,3048_right.jpg,3230_left.jpg
4128_right.jpg,2842_left.jpg,1177_right.jpg
885_left.jpg,2872_left.jpg,2576_right.jpg
3429_right.jpg,3264_left.jpg,3139_left.jpg
4440_left.jpg,2896_left.jpg,3161_right.jpg
2725_left.jpg,2777_left.jpg,3172_right.jpg
2730_right.jpg,2442_left.jpg,2816_right.jpg
2339_right.jpg,2568_left.jpg,2867_left.jpg
2488_left.jpg,1146_right.jpg,4251_right.jpg
3197_left.jpg,205_right.jpg,2773_right.jpg
3195_left.jpg,2880_left.jpg,1242_right.jpg
2776_right.jpg,3147_right.jpg,2394_left.jpg
3317_left.jpg,394_right.jpg,3155_left.jpg
379_right.jpg,2797_left.jpg,2912_left.jpg
2522_right.jpg,128_left.jpg,2425_left.jpg
463_right.jpg,3096_right.jpg,3243_left.jpg
329_right.jpg,3099_left.jpg,835_left.jpg
3213_left.jpg,2744_right.jpg,671_left.jpg
3425_right.jpg,789_left.jpg,4589_right.jpg
781_left.jpg,3003_right.jpg,2958_left.jpg
1021_left.jpg,1120_left.jpg,2668_left.jpg
114_right.jpg,4256_right.jpg,3130_right.jpg
183_right.jpg,2688_right.jpg,291_left.jpg
73_right.jpg,2637_left.jpg,2812_left.jpg
3323_right.jpg,2917_right.jpg,3141_left.jpg
2415_left.jpg,3394_left.jpg,3079_left.jpg
2639_right.jpg,2383_right.jpg,2425_right.jpg
3221_right.jpg,2799_left.jpg,3234_left.jpg
2520_left.jpg,3168_right.jpg,2670_left.jpg
2498_right.jpg,2848_left.jpg,984_left.jpg
4395_right.jpg,456_right.jpg,2352_right.jpg
2380_right.jpg,237_left.jpg,3242_left.jpg
2542_left.jpg,2608_left.jpg,3016_right.jpg
3432_right.jpg,3274_left.jpg,2369_left.jpg
4237_right.jpg,2347_right.jpg,2543_left.jpg
3253_right.jpg,2564_right.jpg,3123_right.jpg
770_left.jpg,2994_right.jpg,2830_left.jpg
3338_left.jpg,2587_left.jpg,2855_left.jpg
2960_left.jpg,481_right.jpg,2689_right.jpg
1245_left.jpg,2896_right.jpg,3179_left.jpg
4069_left.jpg,2907_right.jpg,4642_right.jpg
390_left.jpg,3388_left.jpg,2946_left.jpg
400_left.jpg,772_right.jpg,2861_left.jpg
3376_right.jpg,3329_left.jpg,2743_left.jpg
3382_left.jpg,554_left.jpg,2710_right.jpg
3485_left.jpg,2567_left.jpg,2685_left.jpg
2803_left.jpg,180_right.jpg,3366_left.jpg
2779_right.jpg,3044_left.jpg,2370_right.jpg
3448_right.jpg,2846_left.jpg,2421_right.jpg
2927_right.jpg,3090_left.jpg,3367_right.jpg
1427_left.jpg,2545_left.jpg,3345_right.jpg
2880_right.jpg,2712_left.jpg,2433_left.jpg
1_left.jpg,3124_right.jpg,3331_left.jpg
2654_left.jpg,2895_right.jpg,689_right.jpg
129_right.jpg,1425_left.jpg,3387_left.jpg
2857_right.jpg,3381_left.jpg,3013_right.jpg
3202_left.jpg,2775_left.jpg,2985_left.jpg
3052_right.jpg,2753_right.jpg,872_right.jpg
2743_right.jpg,4452_right.jpg,2459_right.jpg
2660_right.jpg,3189_right.jpg,2647_left.jpg
2175_right.jpg,2409_right.jpg,2389_right.jpg
2599_left.jpg,4543_right.jpg,35_right.jpg
3227_right.jpg,2813_left.jpg,2531_left.jpg
3128_left.jpg,4298_left.jpg,2452_left.jpg
92_left.jpg,2697_right.jpg,3126_right.jpg
3299_right.jpg,4343_left.jpg,2789_right.jpg
3393_left.jpg,2752_right.jpg,3201_left.jpg
841_right.jpg,3045_left.jpg,340_right.jpg
534_right.jpg,2456_left.jpg,1_right.jpg
2907_left.jpg,476_left.jpg,1173_right.jpg
945_left.jpg,3191_left.jpg,2754_left.jpg
2676_right.jpg,2900_left.jpg,3383_right.jpg
1418_right.jpg,2961_right.jpg,3086_left.jpg
2827_right.jpg,512_right.jpg,3343_left.jpg
2483_left.jpg,2549_right.jpg,4115_right.jpg
2836_right.jpg,3392_right.jpg,2438_left.jpg
1176_left.jpg,2714_left.jpg,2482_right.jpg
3000_left.jpg,264_right.jpg,2368_left.jpg
529_left.jpg,3443_right.jpg,3193_left.jpg
3117_left.jpg,2720_left.jpg,2626_right.jpg
683_left.jpg,3297_left.jpg,2715_right.jpg
4608_left.jpg,2988_left.jpg,1060_left.jpg
3384_left.jpg,2340_left.jpg,3201_right.jpg
734_left.jpg,3275_right.jpg,3311_right.jpg
2341_right.jpg,3098_right.jpg,370_right.jpg
3284_right.jpg,3198_right.jpg,3070_left.jpg
3097_right.jpg,1186_right.jpg,2714_right.jpg
3155_right.jpg,3049_left.jpg,2765_right.jpg
856_right.jpg,170_right.jpg,2956_left.jpg
3026_left.jpg,2645_left.jpg,1115_right.jpg
741_right.jpg,2945_left.jpg,2851_right.jpg
3025_left.jpg,2634_left.jpg,2444_right.jpg
751_right.jpg,4387_left.jpg,2422_right.jpg
2934_right.jpg,3378_left.jpg,3100_right.jpg
2692_right.jpg,4288_left.jpg,2547_left.jpg
69_left.jpg,3445_left.jpg,394_left.jpg
4056_left.jpg,2570_left.jpg,2781_left.jpg
381_right.jpg,2747_left.jpg,2826_left.jpg
2333_right.jpg,3485_right.jpg,2445_right.jpg
2950_right.jpg,4231_left.jpg,3356_left.jpg
2411_left.jpg,2386_right.jpg,4240_left.jpg
2713_left.jpg,3139_right.jpg,3258_right.jpg
2369_right.jpg,3332_right.jpg,3068_right.jpg
2345_left.jpg,2673_right.jpg,1137_left.jpg
4239_right.jpg,2486_left.jpg,4111_left.jpg
4316_left.jpg,649_left.jpg,389_right.jpg
2771_left.jpg,3034_left.jpg,2621_right.jpg
680_right.jpg,2471_right.jpg,4672_left.jpg
3091_left.jpg,4338_right.jpg,2988_right.jpg
3342_left.jpg,2414_left.jpg,82_left.jpg
4027_left.jpg,3362_right.jpg,2409_left.jpg
3940_left.jpg,2361_left.jpg,2717_right.jpg
2392_right.jpg,3261_right.jpg,3096_left.jpg
589_left.jpg,2845_left.jpg,253_right.jpg
3254_left.jpg,3376_left.jpg,2374_left.jpg
2459_left.jpg,2360_right.jpg,2808_left.jpg
2404_right.jpg,3435_right.jpg,2398_left.jpg
3303_right.jpg,2993_left.jpg,3442_left.jpg
2757_left.jpg,1132_left.jpg,3276_left.jpg
16_left.jpg,1876_left.jpg,2598_right.jpg
2563_left.jpg,189_left.jpg,2920_left.jpg
2720_right.jpg,2618_left.jpg,2596_right.jpg
2643_left.jpg,279_right.jpg,3248_right.jpg
3353_left.jpg,3434_left.jpg,2777_right.jpg
584_right.jpg,2336_left.jpg,1133_right.jpg
3073_left.jpg,536_left.jpg,2612_left.jpg
3208_right.jpg,2999_right.jpg,2458_left.jpg
3218_right.jpg,2885_right.jpg,2972_right.jpg
3150_right.jpg,2997_left.jpg,2753_left.jpg
3321_left.jpg,3072_right.jpg,2874_left.jpg
3429_left.jpg,2580_right.jpg,3116_left.jpg
3379_left.jpg,197_left.jpg,3272_left.jpg
2992_left.jpg,4283_left.jpg,3175_right.jpg
3146_left.jpg,2346_left.jpg,1121_right.jpg
1429_right.jpg,2351_right.jpg,354_left.jpg
2970_right.jpg,3182_right.jpg,2940_right.jpg
820_right.jpg,84_right.jpg,996_right.jpg
610_left.jpg,4036_left.jpg,3344_left.jpg
2929_left.jpg,2974_right.jpg,3161_left.jpg
3377_right.jpg,174_right.jpg,2709_left.jpg
4671_right.jpg,2638_left.jpg,2876_right.jpg
107_left.jpg,2589_right.jpg,2962_left.jpg
4101_right.jpg,241_left.jpg,2208_left.jpg
2510_left.jpg,2691_right.jpg,3360_right.jpg
2633_left.jpg,3192_left.jpg,2367_right.jpg
942_right.jpg,4114_right.jpg,1460_left.jpg
2566_right.jpg,1040_right.jpg,2772_right.jpg
4571_right.jpg,4489_left.jpg,756_left.jpg
2590_left.jpg,2521_left.jpg,3215_right.jpg
4544_right.jpg,2967_right.jpg,2666_left.jpg
2600_right.jpg,2365_left.jpg,2782_left.jpg
3333_left.jpg,3137_right.jpg,2871_left.jpg
2576_left.jpg,2483_right.jpg,556_right.jpg
2702_left.jpg,3369_left.jpg,4528_left.jpg
2766_right.jpg,3992_right.jpg,4631_left.jpg
3228_right.jpg,462_right.jpg,4041_right.jpg
91_left.jpg,4359_left.jpg,4015_right.jpg
2382_left.jpg,768_right.jpg,4584_right.jpg
2485_left.jpg,224_right.jpg,446_right.jpg
4638_right.jpg,4105_left.jpg,690_left.jpg
2737_right.jpg,1543_left.jpg,86_left.jpg
653_right.jpg,223_left.jpg,4445_right.jpg
4253_left.jpg,4450_right.jpg,4564_left.jpg
4126_left.jpg,4507_left.jpg,4586_left.jpg
3238_right.jpg,4458_left.jpg,4688_left.jpg
3394_right.jpg,2030_right.jpg,207_left.jpg
461_left.jpg,466_right.jpg,4001_left.jpg
4333_left.jpg,4616_left.jpg,4627_left.jpg
3954_right.jpg,4397_right.jpg,4064_right.jpg
363_right.jpg,4375_right.jpg,556_left.jpg
2731_left.jpg,4193_right.jpg,4155_right.jpg
3194_left.jpg,4424_right.jpg,4008_right.jpg
3326_left.jpg,4227_right.jpg,4533_right.jpg
2427_right.jpg,4630_left.jpg,127_left.jpg
2685_right.jpg,3935_right.jpg,4138_right.jpg
2673_left.jpg,479_left.jpg,4358_right.jpg
3147_left.jpg,4105_right.jpg,193_right.jpg
2847_left.jpg,4003_right.jpg,609_right.jpg
3050_right.jpg,4184_left.jpg,4292_right.jpg
2574_right.jpg,574_right.jpg,842_left.jpg
3378_right.jpg,707_right.jpg,4387_right.jpg
892_left.jpg,4293_right.jpg,4404_right.jpg
3077_left.jpg,4212_left.jpg,4473_right.jpg
4410_left.jpg,4210_left.jpg,211_right.jpg
2404_left.jpg,607_right.jpg,791_left.jpg
2780_right.jpg,4418_left.jpg,4531_right.jpg
2844_left.jpg,4283_right.jpg,4161_right.jpg
2965_left.jpg,904_left.jpg,284_left.jpg
2762_right.jpg,4302_left.jpg,4417_right.jpg
4325_left.jpg,4385_right.jpg,684_left.jpg
1311_left.jpg,4610_left.jpg,4136_right.jpg
939_left.jpg,3995_right.jpg,358_left.jpg
2446_right.jpg,604_left.jpg,4255_left.jpg
3135_left.jpg,324_right.jpg,4050_left.jpg
3011_right.jpg,4222_right.jpg,4036_right.jpg
4408_right.jpg,550_left.jpg,4174_left.jpg
1130_right.jpg,4582_left.jpg,4310_right.jpg
3272_right.jpg,4201_left.jpg,4273_right.jpg
1200_left.jpg,133_right.jpg,3936_right.jpg
2385_right.jpg,4529_left.jpg,288_left.jpg
2901_right.jpg,4052_left.jpg,249_left.jpg
3373_left.jpg,786_right.jpg,2032_right.jpg
3076_left.jpg,3971_right.jpg,4025_left.jpg
3035_left.jpg,4493_right.jpg,431_right.jpg
540_left.jpg,4479_left.jpg,4441_right.jpg
2839_right.jpg,4339_left.jpg,7_right.jpg
438_right.jpg,792_right.jpg,4638_left.jpg
3125_right.jpg,874_right.jpg,4214_left.jpg
2733_right.jpg,118_right.jpg,697_right.jpg
3198_left.jpg,451_right.jpg,491_right.jpg
3030_right.jpg,4372_right.jpg,4311_left.jpg
3173_right.jpg,972_left.jpg,4321_right.jpg
704_right.jpg,4440_right.jpg,81_left.jpg
433_right.jpg,4591_left.jpg,4470_left.jpg
287_right.jpg,392_right.jpg,4635_left.jpg
2373_right.jpg,4563_left.jpg,4356_right.jpg
165_right.jpg,4313_left.jpg,607_left.jpg
3442_right.jpg,709_right.jpg,3981_left.jpg
3087_left.jpg,4557_left.jpg,4574_left.jpg
2916_right.jpg,4296_left.jpg,4381_left.jpg
3224_right.jpg,4280_right.jpg,4570_right.jpg
3351_left.jpg,4141_right.jpg,11_right.jpg
3237_left.jpg,4299_left.jpg,546_right.jpg
4269_right.jpg,206_right.jpg,4386_left.jpg
3150_left.jpg,19_right.jpg,397_right.jpg
2383_left.jpg,1113_right.jpg,4422_right.jpg
2724_left.jpg,4468_right.jpg,533_right.jpg
3041_right.jpg,4354_left.jpg,360_right.jpg
3415_left.jpg,348_left.jpg,4634_left.jpg
4348_left.jpg,4168_right.jpg,648_left.jpg
244_right.jpg,639_left.jpg,4030_right.jpg
2416_right.jpg,4368_right.jpg,4121_right.jpg
2543_right.jpg,3982_right.jpg,4241_left.jpg
2447_right.jpg,630_right.jpg,4384_left.jpg
3098_left.jpg,4632_right.jpg,4178_left.jpg
3088_left.jpg,664_left.jpg,4466_left.jpg
2614_right.jpg,703_right.jpg,4298_right.jpg
2785_right.jpg,4572_right.jpg,817_left.jpg
3440_right.jpg,4198_left.jpg,4096_left.jpg
3084_left.jpg,4247_left.jpg,4239_left.jpg
2754_right.jpg,4095_right.jpg,4472_left.jpg
29_right.jpg,4055_left.jpg,195_right.jpg
3355_left.jpg,4281_right.jpg,4393_right.jpg
2934_left.jpg,4315_left.jpg,4060_right.jpg
2838_left.jpg,4577_right.jpg,4552_right.jpg
3330_right.jpg,4443_right.jpg,4259_right.jpg
2980_right.jpg,4443_left.jpg,1022_left.jpg
1086_left.jpg,4441_left.jpg,4138_left.jpg
496_left.jpg,4602_left.jpg,4179_left.jpg
2497_left.jpg,4340_right.jpg,4596_left.jpg
3367_left.jpg,3939_left.jpg,4321_left.jpg
27_left.jpg,4205_left.jpg,412_right.jpg
3328_right.jpg,4207_left.jpg,4088_right.jpg
2655_left.jpg,3971_left.jpg,4007_right.jpg
2725_right.jpg,489_left.jpg,4633_right.jpg
3167_left.jpg,796_left.jpg,4418_right.jpg
2888_right.jpg,1152_left.jpg,4191_right.jpg
2538_left.jpg,161_left.jpg,411_left.jpg
2768_right.jpg,917_right.jpg,4234_right.jpg
2531_right.jpg,4009_left.jpg,4327_left.jpg
3095_right.jpg,4061_left.jpg,4271_right.jpg
3078_left.jpg,4045_left.jpg,4163_left.jpg
3077_right.jpg,4308_right.jpg,4439_right.jpg
3438_right.jpg,4312_right.jpg,4599_left.jpg
2532_left.jpg,4497_left.jpg,4023_right.jpg
2602_left.jpg,3999_left.jpg,4064_left.jpg
2235_right.jpg,3958_right.jpg,3997_right.jpg
2215_right.jpg,4499_right.jpg,448_right.jpg
1416_left.jpg,905_right.jpg,3945_right.jpg
2571_right.jpg,497_right.jpg,4304_right.jpg
2490_right.jpg,582_left.jpg,718_right.jpg
3027_right.jpg,703_left.jpg,3965_right.jpg
3027_left.jpg,865_right.jpg,4399_right.jpg
3143_right.jpg,4009_right.jpg,4245_right.jpg
2512_left.jpg,4180_left.jpg,4260_left.jpg
2762_left.jpg,562_left.jpg,533_left.jpg
2812_right.jpg,4230_right.jpg,4549_right.jpg
2519_right.jpg,4573_right.jpg,4353_right.jpg
3127_right.jpg,4164_right.jpg,4322_left.jpg
3088_right.jpg,3955_left.jpg,4216_right.jpg
2331_left.jpg,3986_right.jpg,4226_left.jpg
3417_right.jpg,4437_left.jpg,3948_right.jpg
2794_left.jpg,953_left.jpg,420_right.jpg
2635_left.jpg,4001_right.jpg,4647_left.jpg
3134_right.jpg,4678_right.jpg,4500_right.jpg
3178_left.jpg,748_left.jpg,3972_right.jpg
337_right.jpg,428_right.jpg,4604_left.jpg
4570_left.jpg,699_right.jpg,4492_right.jpg
2559_right.jpg,4636_left.jpg,309_left.jpg
2877_right.jpg,4608_right.jpg,712_right.jpg
715_right.jpg,627_right.jpg,4041_left.jpg
4683_left.jpg,4372_left.jpg,4252_left.jpg
2879_right.jpg,4237_left.jpg,4049_left.jpg
2951_left.jpg,3973_right.jpg,3990_left.jpg
15_left.jpg,752_left.jpg,4204_right.jpg
2665_right.jpg,4191_left.jpg,3962_right.jpg
2803_right.jpg,175_right.jpg,289_right.jpg
2640_right.jpg,4044_left.jpg,4585_right.jpg
2946_right.jpg,415_right.jpg,688_right.jpg
2973_left.jpg,4349_left.jpg,4033_right.jpg
2605_left.jpg,512_left.jpg,4111_right.jpg
2964_right.jpg,972_right.jpg,735_left.jpg
2112_left.jpg,3953_right.jpg,327_right.jpg
2940_left.jpg,4349_right.jpg,4548_left.jpg
2488_right.jpg,4413_left.jpg,4633_left.jpg
2990_right.jpg,291_right.jpg,3958_left.jpg
3445_right.jpg,4506_left.jpg,4328_left.jpg
2657_right.jpg,4134_left.jpg,934_left.jpg
2540_right.jpg,4347_right.jpg,4291_right.jpg
2750_left.jpg,268_right.jpg,4587_left.jpg
3122_left.jpg,4098_right.jpg,2010_left.jpg
2931_right.jpg,634_right.jpg,4122_left.jpg
2382_right.jpg,4279_left.jpg,4286_right.jpg
2886_right.jpg,4066_left.jpg,1071_right.jpg
3352_right.jpg,4166_right.jpg,4173_right.jpg
3291_right.jpg,4087_left.jpg,4305_right.jpg
3144_left.jpg,4357_right.jpg,4572_left.jpg
2775_right.jpg,4256_left.jpg,4679_left.jpg
2509_right.jpg,730_right.jpg,4620_left.jpg
2577_left.jpg,4202_right.jpg,519_right.jpg
2732_left.jpg,4115_left.jpg,120_right.jpg
1513_left.jpg,4098_left.jpg,4609_right.jpg
3132_left.jpg,4263_left.jpg,281_right.jpg
3418_left.jpg,1082_left.jpg,4491_right.jpg
3433_right.jpg,688_left.jpg,544_right.jpg
3319_right.jpg,4415_left.jpg,4247_right.jpg
3159_left.jpg,981_left.jpg,4367_right.jpg
862_right.jpg,4285_right.jpg,4067_left.jpg
1873_left.jpg,825_left.jpg,4227_left.jpg
1620_left.jpg,4287_right.jpg,4627_right.jpg
3961_left.jpg,4459_right.jpg,67_left.jpg
1868_left.jpg,762_left.jpg,4672_right.jpg
2396_left.jpg,812_right.jpg,4109_right.jpg
2786_left.jpg,598_left.jpg,4047_left.jpg
3267_right.jpg,4388_right.jpg,4068_right.jpg
3061_left.jpg,3932_right.jpg,299_left.jpg
2534_right.jpg,4471_right.jpg,4622_left.jpg
2395_right.jpg,4259_left.jpg,4297_right.jpg
2393_left.jpg,4461_right.jpg,934_right.jpg
2463_right.jpg,4476_left.jpg,4013_right.jpg
3287_left.jpg,4513_left.jpg,4448_right.jpg
293_right.jpg,4404_left.jpg,4330_right.jpg
2684_left.jpg,4601_left.jpg,96_right.jpg
2601_left.jpg,4051_left.jpg,3934_left.jpg
2637_right.jpg,4635_right.jpg,860_left.jpg
3136_left.jpg,4258_left.jpg,4029_right.jpg
3210_right.jpg,3948_left.jpg,697_left.jpg
4689_right.jpg,4129_right.jpg,3949_right.jpg
2556_left.jpg,3968_left.jpg,616_left.jpg
2350_left.jpg,4027_right.jpg,4659_left.jpg
3428_left.jpg,4250_left.jpg,309_right.jpg
3408_left.jpg,4400_left.jpg,484_right.jpg
3426_left.jpg,1364_right.jpg,4511_left.jpg
232_left.jpg,4284_right.jpg,4113_left.jpg
2788_left.jpg,4084_left.jpg,485_right.jpg
2106_left.jpg,4142_right.jpg,647_right.jpg
3115_right.jpg,4323_left.jpg,4621_right.jpg
3336_right.jpg,4277_left.jpg,4273_left.jpg
2419_right.jpg,4539_left.jpg,4651_right.jpg
149_left.jpg,864_left.jpg,442_left.jpg
2919_right.jpg,446_left.jpg,4161_left.jpg
2868_left.jpg,4196_right.jpg,4353_left.jpg
1397_right.jpg,4249_right.jpg,342_right.jpg
2407_right.jpg,1838_left.jpg,19_left.jpg
2347_left.jpg,4494_left.jpg,4120_left.jpg
840_right.jpg,836_left.jpg,93_right.jpg
1414_right.jpg,4326_right.jpg,2099_right.jpg
51_left.jpg,3983_right.jpg,4560_left.jpg
2493_left.jpg,978_left.jpg,4175_left.jpg
4272_right.jpg,4408_left.jpg,4623_right.jpg
2943_left.jpg,4414_right.jpg,669_left.jpg
2500_left.jpg,1136_right.jpg,507_right.jpg
2592_left.jpg,4432_right.jpg,4140_right.jpg
2517_right.jpg,4162_right.jpg,93_left.jpg
3359_right.jpg,4047_right.jpg,4054_right.jpg
2906_right.jpg,4658_left.jpg,304_left.jpg
2579_right.jpg,916_right.jpg,4585_left.jpg
3121_right.jpg,733_right.jpg,223_right.jpg
2412_right.jpg,4550_left.jpg,4295_left.jpg
2619_right.jpg,1167_right.jpg,4089_right.jpg
2986_left.jpg,1138_right.jpg,4229_right.jpg
2706_right.jpg,4619_left.jpg,4522_right.jpg
2584_right.jpg,4640_left.jpg,4436_right.jpg
2474_right.jpg,4291_left.jpg,601_right.jpg
1890_right.jpg,519_left.jpg,4123_left.jpg
2822_left.jpg,4288_right.jpg,4337_right.jpg
3085_right.jpg,690_right.jpg,4398_right.jpg
2783_left.jpg,4022_right.jpg,4566_right.jpg
3391_left.jpg,890_left.jpg,4203_right.jpg
530_right.jpg,113_left.jpg,4574_right.jpg
2640_left.jpg,72_left.jpg,4356_left.jpg
2941_left.jpg,1022_right.jpg,4412_right.jpg
3273_left.jpg,4171_left.jpg,4087_right.jpg
2983_left.jpg,413_left.jpg,4246_right.jpg
3308_right.jpg,4173_left.jpg,489_right.jpg
732_left.jpg,3993_right.jpg,4329_right.jpg
2342_right.jpg,779_left.jpg,4139_left.jpg
3241_right.jpg,4555_right.jpg,229_right.jpg
3420_right.jpg,801_left.jpg,4558_left.jpg
3446_left.jpg,4460_right.jpg,4306_left.jpg
3058_right.jpg,120_left.jpg,4683_right.jpg
3080_left.jpg,4561_right.jpg,4664_right.jpg
2890_right.jpg,4536_right.jpg,2282_left.jpg
2825_right.jpg,4154_right.jpg,4560_right.jpg
2828_right.jpg,4347_left.jpg,4020_left.jpg
2529_left.jpg,632_right.jpg,4270_right.jpg
396_left.jpg,3978_right.jpg,4269_left.jpg
3029_right.jpg,4255_right.jpg,4628_left.jpg
2755_right.jpg,4235_left.jpg,4078_right.jpg
3165_right.jpg,1718_left.jpg,4345_right.jpg
2439_right.jpg,551_left.jpg,4011_left.jpg
3358_right.jpg,4688_right.jpg,133_left.jpg
2767_right.jpg,4678_left.jpg,3986_left.jpg
2979_right.jpg,4035_right.jpg,4540_left.jpg
1498_right.jpg,4294_right.jpg,4451_right.jpg
3436_left.jpg,563_right.jpg,4295_right.jpg
2530_left.jpg,4079_right.jpg,4392_right.jpg
2938_left.jpg,4360_right.jpg,4425_left.jpg
2529_right.jpg,111_right.jpg,4282_left.jpg
3151_right.jpg,4188_right.jpg,4072_right.jpg
2931_left.jpg,4640_right.jpg,64_left.jpg
1590_left.jpg,4032_right.jpg,1942_left.jpg
2498_left.jpg,1205_left.jpg,4508_right.jpg
4336_left.jpg,722_left.jpg,157_left.jpg
2816_left.jpg,4419_right.jpg,3946_left.jpg
2731_right.jpg,687_left.jpg,4389_left.jpg
0_right.jpg,4014_right.jpg,4177_left.jpg
2767_left.jpg,4197_right.jpg,763_right.jpg
155_left.jpg,4254_right.jpg,4568_left.jpg
2359_left.jpg,1496_right.jpg,4525_right.jpg
2744_left.jpg,4029_left.jpg,4643_left.jpg
2854_right.jpg,542_left.jpg,4061_right.jpg
3937_left.jpg,4244_left.jpg,740_right.jpg
3326_right.jpg,4121_left.jpg,645_right.jpg
4583_right.jpg,4442_right.jpg,3944_right.jpg
3093_right.jpg,4192_right.jpg,4104_left.jpg
1421_right.jpg,4523_right.jpg,4634_right.jpg
3040_right.jpg,79_right.jpg,1718_right.jpg
108_right.jpg,50_right.jpg,4224_right.jpg
2375_right.jpg,340_left.jpg,938_right.jpg
3399_left.jpg,4116_left.jpg,386_right.jpg
436_left.jpg,4126_right.jpg,4345_left.jpg
599_left.jpg,3998_left.jpg,4131_left.jpg
3431_right.jpg,4246_left.jpg,668_right.jpg
4426_right.jpg,4420_right.jpg,4341_left.jpg
219_right.jpg,4317_right.jpg,4587_right.jpg
2984_right.jpg,4217_left.jpg,4550_right.jpg
4261_left.jpg,4315_right.jpg,4653_left.jpg
2971_right.jpg,4396_left.jpg,484_left.jpg
2814_right.jpg,376_right.jpg,4077_left.jpg
3363_left.jpg,4199_left.jpg,4385_left.jpg
3025_right.jpg,3995_left.jpg,4093_right.jpg
2785_left.jpg,4002_right.jpg,948_left.jpg
343_left.jpg,814_right.jpg,4502_left.jpg
3063_right.jpg,4016_left.jpg,4449_left.jpg
2374_right.jpg,1402_right.jpg,4133_left.jpg
2916_left.jpg,1094_right.jpg,380_left.jpg
897_right.jpg,692_right.jpg,4355_right.jpg
2431_left.jpg,4081_right.jpg,4474_right.jpg
3202_right.jpg,436_right.jpg,4190_left.jpg
2581_right.jpg,4022_left.jpg,4233_right.jpg
3970_left.jpg,4088_left.jpg,4033_left.jpg
2849_right.jpg,4511_right.jpg,4407_left.jpg
3224_left.jpg,4380_left.jpg,923_left.jpg
2996_right.jpg,486_left.jpg,4393_left.jpg
391_left.jpg,786_left.jpg,4615_right.jpg
2623_right.jpg,4682_left.jpg,944_left.jpg
669_right.jpg,619_left.jpg,4136_left.jpg
3251_left.jpg,161_right.jpg,4209_right.jpg
3079_right.jpg,4625_right.jpg,469_left.jpg
2196_left.jpg,4369_left.jpg,4144_right.jpg
2430_left.jpg,139_left.jpg,4610_right.jpg
2716_left.jpg,4034_left.jpg,4690_right.jpg
3075_right.jpg,4406_left.jpg,1327_right.jpg
2987_right.jpg,4211_left.jpg,1211_left.jpg
2646_left.jpg,4125_left.jpg,746_right.jpg
2878_right.jpg,4492_left.jpg,1353_left.jpg
2613_left.jpg,1287_left.jpg,1268_left.jpg
3021_left.jpg,1255_left.jpg,1371_right.jpg
3135_right.jpg,1256_left.jpg,1276_left.jpg
570_left.jpg,1362_left.jpg,1247_left.jpg
950_left.jpg,1302_left.jpg,1442_left.jpg
2758_left.jpg,2041_left.jpg,1352_left.jpg
429_left.jpg,1473_right.jpg,1352_right.jpg
3359_left.jpg,1443_left.jpg,1344_left.jpg
3281_right.jpg,1297_right.jpg,1470_right.jpg
2815_right.jpg,1238_right.jpg,1414_left.jpg
2518_right.jpg,95_left.jpg,1269_left.jpg
3008_right.jpg,1462_left.jpg,1439_left.jpg
3199_left.jpg,1221_right.jpg,1963_right.jpg
2680_right.jpg,1428_left.jpg,1967_right.jpg
306_left.jpg,1297_left.jpg,1431_left.jpg
2957_left.jpg,1416_right.jpg,1266_left.jpg
1393_left.jpg,1977_right.jpg,1220_right.jpg
2527_left.jpg,1229_left.jpg,1510_right.jpg
2530_right.jpg,1290_right.jpg,1215_right.jpg
2558_left.jpg,1020_left.jpg,1272_left.jpg
2544_right.jpg,1291_right.jpg,1214_right.jpg
3412_right.jpg,1965_left.jpg,1478_left.jpg
3401_left.jpg,1279_right.jpg,1345_right.jpg
3327_left.jpg,1480_right.jpg,1237_right.jpg
408_right.jpg,1377_right.jpg,1217_left.jpg
2174_left.jpg,1261_right.jpg,1255_right.jpg
1435_right.jpg,1284_left.jpg,1498_left.jpg
3256_right.jpg,1266_right.jpg,1424_left.jpg
2520_right.jpg,1217_right.jpg,1231_right.jpg
1028_right.jpg,1228_left.jpg,931_right.jpg
2776_left.jpg,1397_left.jpg,1443_right.jpg
4329_left.jpg,1306_left.jpg,1378_right.jpg
2884_left.jpg,1225_right.jpg,1210_left.jpg
3230_right.jpg,1488_left.jpg,1241_right.jpg
3004_right.jpg,1514_left.jpg,1365_left.jpg
3052_left.jpg,1284_right.jpg,1393_right.jpg
1089_left.jpg,1485_right.jpg,1418_left.jpg
2518_left.jpg,1287_right.jpg,1261_left.jpg
2585_left.jpg,2030_left.jpg,1301_left.jpg
3163_left.jpg,1486_left.jpg,1344_right.jpg
173_left.jpg,1470_left.jpg,1272_right.jpg
2835_right.jpg,1234_right.jpg,1479_left.jpg
3300_left.jpg,1216_left.jpg,1497_left.jpg
1514_right.jpg,2063_left.jpg,1319_right.jpg
3320_right.jpg,1307_right.jpg,1271_right.jpg
2477_left.jpg,1389_left.jpg,1465_right.jpg
4276_right.jpg,1433_left.jpg,1431_right.jpg
2339_left.jpg,1325_left.jpg,1494_left.jpg
9_left.jpg,1421_left.jpg,1306_right.jpg
346_left.jpg,1254_right.jpg,1250_left.jpg
2869_left.jpg,1493_left.jpg,1351_right.jpg
1611_right.jpg,167_right.jpg,1959_right.jpg
191_left.jpg,1288_left.jpg,2198_right.jpg
2985_right.jpg,931_left.jpg,2181_left.jpg
2795_right.jpg,1388_right.jpg,1164_left.jpg
3384_right.jpg,1226_right.jpg,2251_right.jpg
1663_right.jpg,1975_left.jpg,1483_right.jpg
2867_right.jpg,1330_left.jpg,2104_right.jpg
2683_right.jpg,2240_right.jpg,2201_right.jpg
2999_left.jpg,2211_left.jpg,2204_left.jpg
501_right.jpg,2150_left.jpg,2110_left.jpg
3226_left.jpg,294_left.jpg,1468_left.jpg
3390_right.jpg,2184_right.jpg,2124_left.jpg
3302_right.jpg,2115_right.jpg,2128_left.jpg
2522_left.jpg,999_left.jpg,726_right.jpg
2463_left.jpg,2140_left.jpg,2217_right.jpg
3138_left.jpg,2235_left.jpg,2227_left.jpg
4556_right.jpg,2135_left.jpg,1062_right.jpg
58_left.jpg,2239_left.jpg,2162_right.jpg
3109_left.jpg,2192_right.jpg,2227_right.jpg
3105_left.jpg,2126_left.jpg,2225_left.jpg
883_right.jpg,2158_left.jpg,1987_left.jpg
2745_left.jpg,2185_left.jpg,970_right.jpg
2930_right.jpg,2209_right.jpg,2164_right.jpg
4411_right.jpg,2120_left.jpg,2105_right.jpg
2647_right.jpg,2095_right.jpg,955_right.jpg
122_right.jpg,2237_right.jpg,2168_left.jpg
2380_left.jpg,560_right.jpg,2098_left.jpg
3121_left.jpg,2189_left.jpg,2196_right.jpg
2773_left.jpg,553_right.jpg,2212_left.jpg
94_left.jpg,2103_right.jpg,2248_right.jpg
3446_right.jpg,2138_right.jpg,2168_right.jpg
1166_left.jpg,2225_right.jpg,2161_right.jpg
3365_left.jpg,2142_right.jpg,2210_right.jpg
795_right.jpg,218_right.jpg,594_left.jpg
2469_right.jpg,2119_right.jpg,477_left.jpg
2020_right.jpg,2207_left.jpg,2127_right.jpg
2499_right.jpg,2180_right.jpg,2102_right.jpg
2956_right.jpg,2218_right.jpg,1444_left.jpg
3275_left.jpg,2241_left.jpg,1452_left.jpg
2357_right.jpg,2101_right.jpg,2220_right.jpg
2651_right.jpg,809_left.jpg,1994_left.jpg
2353_left.jpg,2174_right.jpg,2113_right.jpg
2386_left.jpg,2151_right.jpg,769_right.jpg
724_left.jpg,2100_right.jpg,1102_right.jpg
2591_right.jpg,2232_right.jpg,2211_right.jpg
2573_right.jpg,874_left.jpg,2170_left.jpg
2632_right.jpg,2228_right.jpg,2183_left.jpg
4523_left.jpg,24_right.jpg,2128_right.jpg
3067_left.jpg,2233_right.jpg,2189_right.jpg
2695_left.jpg,2163_right.jpg,2142_left.jpg
3267_left.jpg,2130_left.jpg,2222_left.jpg
2787_left.jpg,2199_left.jpg,2120_right.jpg
2429_left.jpg,611_left.jpg,2146_left.jpg
2910_left.jpg,2194_right.jpg,2221_right.jpg
3185_right.jpg,2125_left.jpg,2203_left.jpg
3432_left.jpg,2173_right.jpg,2130_right.jpg
1195_right.jpg,2158_right.jpg,2139_right.jpg
3171_left.jpg,2114_right.jpg,2171_left.jpg
3428_right.jpg,2133_left.jpg,2236_right.jpg
2914_left.jpg,2229_left.jpg,1847_right.jpg
1428_right.jpg,112_right.jpg,1874_left.jpg
3286_right.jpg,2167_left.jpg,1859_left.jpg
4422_left.jpg,1968_left.jpg,971_left.jpg
3101_right.jpg,2239_right.jpg,775_left.jpg
1274_left.jpg,1144_left.jpg,1841_left.jpg
3047_left.jpg,820_left.jpg,719_left.jpg
2403_left.jpg,2165_right.jpg,1873_right.jpg
2886_left.jpg,359_left.jpg,319_left.jpg
2583_right.jpg,1850_left.jpg,1243_right.jpg
3313_left.jpg,615_left.jpg,136_left.jpg
2912_right.jpg,260_left.jpg,547_right.jpg
3001_right.jpg,153_right.jpg,1202_right.jpg
3328_left.jpg,334_right.jpg,788_right.jpg
2748_left.jpg,1893_right.jpg,178_left.jpg
2399_left.jpg,815_right.jpg,1885_right.jpg
2615_left.jpg,513_right.jpg,1835_right.jpg
2892_left.jpg,213_right.jpg,1869_right.jpg
3388_right.jpg,1834_right.jpg,1859_right.jpg
3219_left.jpg,565_right.jpg,2053_left.jpg
2813_right.jpg,321_right.jpg,102_right.jpg
4020_right.jpg,260_right.jpg,1196_right.jpg
3186_right.jpg,1889_left.jpg,1847_left.jpg
2501_left.jpg,1841_right.jpg,821_right.jpg
2197_left.jpg,927_left.jpg,1880_right.jpg
226_left.jpg,243_right.jpg,212_right.jpg
3235_left.jpg,1314_left.jpg,359_right.jpg
2823_right.jpg,1872_left.jpg,2034_left.jpg
3400_right.jpg,1856_right.jpg,1836_right.jpg
4476_right.jpg,1799_right.jpg,603_right.jpg
3943_right.jpg,855_left.jpg,424_right.jpg
2434_left.jpg,1154_right.jpg,855_right.jpg
2418_right.jpg,1846_left.jpg,247_left.jpg
54_left.jpg,608_right.jpg,651_left.jpg
2853_left.jpg,1098_right.jpg,564_left.jpg
3360_left.jpg,162_left.jpg,1843_left.jpg
3196_left.jpg,1820_right.jpg,164_left.jpg
2827_left.jpg,1886_right.jpg,126_right.jpg
798_right.jpg,1831_left.jpg,419_left.jpg
4469_left.jpg,1111_right.jpg,998_left.jpg
2565_right.jpg,615_right.jpg,808_right.jpg
3222_left.jpg,815_left.jpg,1202_left.jpg
527_right.jpg,821_left.jpg,888_right.jpg
2555_right.jpg,1845_right.jpg,889_right.jpg
425_left.jpg,55_left.jpg,247_right.jpg
2960_right.jpg,1835_left.jpg,334_left.jpg
2635_right.jpg,1801_right.jpg,1881_right.jpg
2504_right.jpg,1854_left.jpg,212_left.jpg
2528_left.jpg,1893_left.jpg,1125_right.jpg
638_right.jpg,235_left.jpg,1104_left.jpg
3056_left.jpg,1881_left.jpg,938_left.jpg
2524_left.jpg,162_right.jpg,210_left.jpg
3231_left.jpg,455_right.jpg,230_left.jpg
2389_left.jpg,1125_left.jpg,816_left.jpg
4224_left.jpg,1197_left.jpg,1989_right.jpg
3103_right.jpg,43_right.jpg,1046_left.jpg
2218_left.jpg,889_left.jpg,45_right.jpg
2897_left.jpg,1314_right.jpg,499_right.jpg
2496_right.jpg,1844_left.jpg,783_left.jpg
2431_right.jpg,1854_right.jpg,818_left.jpg
4578_left.jpg,1817_right.jpg,790_left.jpg
4626_right.jpg,1869_left.jpg,561_right.jpg
2801_right.jpg,116_right.jpg,2066_right.jpg
3213_right.jpg,355_left.jpg,300_left.jpg
2671_right.jpg,686_left.jpg,957_left.jpg
4351_right.jpg,968_right.jpg,561_left.jpg
3270_left.jpg,675_right.jpg,571_right.jpg
2160_left.jpg,2066_left.jpg,4562_left.jpg
2533_left.jpg,2070_right.jpg,4207_right.jpg
3038_right.jpg,4581_right.jpg,754_left.jpg
3372_left.jpg,365_left.jpg,374_right.jpg
2802_right.jpg,4591_right.jpg,179_right.jpg
588_left.jpg,300_right.jpg,323_left.jpg
2825_left.jpg,571_left.jpg,1373_left.jpg
3335_right.jpg,28_right.jpg,1056_right.jpg
2397_right.jpg,2048_left.jpg,4579_left.jpg
4453_right.jpg,723_right.jpg,4559_left.jpg
4156_right.jpg,2004_right.jpg,2052_left.jpg
290_left.jpg,28_left.jpg,1103_right.jpg
3207_left.jpg,783_right.jpg,1558_left.jpg
3240_left.jpg,1045_left.jpg,1565_right.jpg
965_right.jpg,323_right.jpg,1561_right.jpg
1439_right.jpg,543_left.jpg,1618_right.jpg
3036_right.jpg,1048_right.jpg,1544_left.jpg
803_left.jpg,1833_left.jpg,1619_right.jpg
3221_left.jpg,818_right.jpg,1624_left.jpg
3063_left.jpg,116_left.jpg,831_left.jpg
2848_right.jpg,272_left.jpg,1615_left.jpg
3408_right.jpg,759_right.jpg,1593_right.jpg
3153_right.jpg,1616_right.jpg,1601_right.jpg
2402_right.jpg,1600_left.jpg,1731_left.jpg
2401_left.jpg,1219_left.jpg,1530_left.jpg
3152_left.jpg,1594_left.jpg,1561_left.jpg
3321_right.jpg,1532_right.jpg,1568_right.jpg
422_right.jpg,1595_right.jpg,1602_right.jpg
2804_left.jpg,1584_left.jpg,1586_left.jpg
2622_left.jpg,1103_left.jpg,1599_left.jpg
1126_left.jpg,1554_left.jpg,1545_right.jpg
2515_left.jpg,1663_left.jpg,86_right.jpg
2352_left.jpg,1523_right.jpg,760_left.jpg
3427_right.jpg,1644_right.jpg,1527_right.jpg
2512_right.jpg,1601_left.jpg,1570_right.jpg
3261_left.jpg,1652_right.jpg,174_left.jpg
2584_left.jpg,1589_left.jpg,1603_right.jpg
2736_right.jpg,1538_right.jpg,1590_right.jpg
2500_right.jpg,1539_left.jpg,1630_left.jpg
3398_left.jpg,144_left.jpg,831_right.jpg
716_left.jpg,1614_right.jpg,1599_right.jpg
3015_left.jpg,737_right.jpg,1618_left.jpg
2387_left.jpg,1528_left.jpg,1551_right.jpg
215_right.jpg,35_left.jpg,1580_right.jpg
2618_right.jpg,1603_left.jpg,1550_left.jpg
2895_left.jpg,1598_left.jpg,1568_left.jpg
3255_left.jpg,1611_left.jpg,1555_left.jpg
3082_left.jpg,1150_right.jpg,13_left.jpg
3001_left.jpg,1623_right.jpg,1602_left.jpg
2443_right.jpg,1529_right.jpg,1526_right.jpg
2832_right.jpg,1612_right.jpg,1563_right.jpg
3386_right.jpg,1626_left.jpg,145_right.jpg
3177_left.jpg,1523_left.jpg,1534_right.jpg
3301_left.jpg,1531_left.jpg,1617_right.jpg
1490_left.jpg,1571_left.jpg,1519_right.jpg
2437_right.jpg,1544_right.jpg,1647_right.jpg
3009_right.jpg,1150_left.jpg,1559_left.jpg
2544_left.jpg,1605_right.jpg,335_right.jpg
2855_right.jpg,1547_left.jpg,636_right.jpg
2351_left.jpg,401_left.jpg,1408_left.jpg
2926_left.jpg,1565_left.jpg,717_left.jpg
2742_left.jpg,1584_right.jpg,14_right.jpg
2874_right.jpg,1572_right.jpg,682_right.jpg
4602_right.jpg,106_right.jpg,306_right.jpg
4167_left.jpg,1710_left.jpg,1040_left.jpg
2611_right.jpg,1529_left.jpg,865_left.jpg
3085_left.jpg,698_right.jpg,846_left.jpg
782_right.jpg,1613_right.jpg,187_right.jpg
939_right.jpg,1535_left.jpg,906_left.jpg
2552_left.jpg,659_left.jpg,136_right.jpg
330_right.jpg,491_left.jpg,239_left.jpg
2857_left.jpg,364_left.jpg,60_right.jpg
4206_right.jpg,33_right.jpg,643_right.jpg
2795_left.jpg,1129_left.jpg,508_left.jpg
3205_right.jpg,743_right.jpg,250_right.jpg
2354_right.jpg,877_right.jpg,773_right.jpg
2909_right.jpg,40_right.jpg,1039_left.jpg
3423_right.jpg,1050_left.jpg,199_left.jpg
3373_right.jpg,1146_left.jpg,624_right.jpg
3401_right.jpg,767_right.jpg,1919_left.jpg
2994_left.jpg,802_left.jpg,1536_right.jpg
2843_right.jpg,1172_left.jpg,853_left.jpg
432_left.jpg,189_right.jpg,122_left.jpg
2679_left.jpg,739_left.jpg,2222_right.jpg
85_left.jpg,838_right.jpg,1038_right.jpg
3050_left.jpg,371_right.jpg,902_right.jpg
3395_right.jpg,1169_left.jpg,859_right.jpg
2489_right.jpg,430_left.jpg,75_right.jpg
2597_left.jpg,1053_right.jpg,1426_right.jpg
4644_right.jpg,347_right.jpg,896_right.jpg
4182_right.jpg,222_right.jpg,650_right.jpg
3011_left.jpg,301_right.jpg,83_right.jpg
3352_left.jpg,75_left.jpg,554_right.jpg
2407_left.jpg,240_left.jpg,205_left.jpg
3138_right.jpg,805_left.jpg,942_left.jpg
3269_left.jpg,395_left.jpg,869_right.jpg
2338_left.jpg,1195_left.jpg,184_right.jpg
2629_right.jpg,986_left.jpg,665_right.jpg
2866_right.jpg,450_left.jpg,644_left.jpg
3289_left.jpg,1090_left.jpg,570_right.jpg
4274_right.jpg,829_right.jpg,4588_right.jpg
3214_right.jpg,471_right.jpg,117_right.jpg
2482_left.jpg,552_left.jpg,1999_left.jpg
3192_right.jpg,873_left.jpg,130_right.jpg
187_left.jpg,886_left.jpg,1077_right.jpg
3166_left.jpg,747_right.jpg,308_right.jpg
4026_left.jpg,1059_left.jpg,1052_right.jpg
2654_right.jpg,389_left.jpg,680_left.jpg
366_right.jpg,1117_right.jpg,487_right.jpg
3114_right.jpg,2147_right.jpg,135_left.jpg
37_right.jpg,1207_left.jpg,724_right.jpg
2535_left.jpg,231_right.jpg,1174_left.jpg
2615_right.jpg,226_right.jpg,828_right.jpg
2471_left.jpg,854_right.jpg,665_left.jpg
3097_left.jpg,876_left.jpg,792_left.jpg
2604_left.jpg,693_left.jpg,460_left.jpg
3236_right.jpg,273_right.jpg,1151_right.jpg
4486_left.jpg,728_left.jpg,439_right.jpg
2469_left.jpg,101_left.jpg,1099_right.jpg
3040_left.jpg,557_left.jpg,566_left.jpg
2624_left.jpg,17_right.jpg,482_left.jpg
3411_right.jpg,333_right.jpg,1296_right.jpg
3339_left.jpg,435_right.jpg,85_right.jpg
879_right.jpg,911_right.jpg,1156_left.jpg
1465_left.jpg,1118_right.jpg,256_left.jpg
2588_right.jpg,589_right.jpg,613_left.jpg
3312_left.jpg,958_right.jpg,1165_right.jpg
2474_left.jpg,357_right.jpg,912_left.jpg
3217_right.jpg,531_right.jpg,1310_right.jpg
4637_right.jpg,313_right.jpg,555_left.jpg
3090_right.jpg,9_right.jpg,657_left.jpg
3375_right.jpg,252_right.jpg,1097_right.jpg
2865_left.jpg,2124_right.jpg,353_right.jpg
4506_right.jpg,660_right.jpg,694_left.jpg
4117_left.jpg,814_left.jpg,1015_right.jpg
2770_left.jpg,1240_right.jpg,517_right.jpg
2740_left.jpg,922_left.jpg,263_right.jpg
3176_left.jpg,352_right.jpg,776_left.jpg
2438_right.jpg,180_left.jpg,810_right.jpg
2652_left.jpg,829_left.jpg,1694_left.jpg
2735_left.jpg,764_left.jpg,79_left.jpg
88_left.jpg,465_right.jpg,894_right.jpg
3331_right.jpg,1420_left.jpg,1006_right.jpg
213_left.jpg,337_left.jpg,872_left.jpg
3214_left.jpg,534_left.jpg,943_left.jpg
332_left.jpg,251_right.jpg,928_right.jpg
2440_left.jpg,27_right.jpg,56_right.jpg
1468_right.jpg,341_left.jpg,218_left.jpg
486_right.jpg,128_right.jpg,113_right.jpg
2420_right.jpg,216_left.jpg,58_right.jpg
2191_left.jpg,96_left.jpg,94_right.jpg
1014_right.jpg,64_right.jpg,7_left.jpg
3010_left.jpg,1176_right.jpg,82_right.jpg
1035_left.jpg,254_right.jpg,674_left.jpg
3184_right.jpg,1008_right.jpg,434_right.jpg
3409_left.jpg,1557_right.jpg,262_right.jpg
4625_left.jpg,461_right.jpg,146_right.jpg
3310_left.jpg,641_right.jpg,165_left.jpg
2704_left.jpg,483_left.jpg,185_right.jpg
828_left.jpg,933_right.jpg,283_right.jpg
3074_left.jpg,510_left.jpg,1674_right.jpg
2914_right.jpg,1311_right.jpg,2145_right.jpg
3295_right.jpg,204_left.jpg,963_left.jpg
877_left.jpg,393_right.jpg,363_left.jpg
2897_right.jpg,381_left.jpg,344_right.jpg
1507_left.jpg,774_right.jpg,800_right.jpg
3410_right.jpg,287_left.jpg,835_right.jpg
2658_left.jpg,41_left.jpg,725_right.jpg
423_left.jpg,312_left.jpg,6_left.jpg
2336_right.jpg,996_left.jpg,391_right.jpg
710_left.jpg,388_right.jpg,602_left.jpg
3111_left.jpg,148_left.jpg,883_left.jpg
3273_right.jpg,1198_left.jpg,850_right.jpg
1072_left.jpg,193_left.jpg,42_right.jpg
2603_left.jpg,1474_right.jpg,1970_right.jpg
115_right.jpg,2006_right.jpg,848_left.jpg
8_left.jpg,599_right.jpg,711_left.jpg
2678_left.jpg,1166_right.jpg,194_right.jpg
2554_left.jpg,181_left.jpg,674_right.jpg
3421_left.jpg,838_left.jpg,339_right.jpg
2763_right.jpg,1021_right.jpg,903_right.jpg
4152_left.jpg,142_left.jpg,640_left.jpg
2774_right.jpg,72_right.jpg,40_left.jpg
3107_left.jpg,744_right.jpg,822_right.jpg
2740_right.jpg,1405_right.jpg,382_left.jpg
2698_right.jpg,215_left.jpg,773_left.jpg
4618_left.jpg,269_right.jpg,1127_right.jpg
2562_right.jpg,1114_left.jpg,2065_right.jpg
3112_right.jpg,473_right.jpg,884_left.jpg
233_left.jpg,143_right.jpg,868_left.jpg
930_right.jpg,367_left.jpg,240_right.jpg
2583_left.jpg,676_left.jpg,618_left.jpg
2696_right.jpg,558_right.jpg,862_left.jpg
677_right.jpg,110_left.jpg,1171_left.jpg
3358_left.jpg,408_left.jpg,520_left.jpg
339_left.jpg,237_right.jpg,256_right.jpg
3370_right.jpg,959_left.jpg,993_right.jpg
2842_right.jpg,277_right.jpg,304_right.jpg
2751_right.jpg,217_left.jpg,
2331_right.jpg,1245_right.jpg,
3426_right.jpg,902_left.jpg,
2532_right.jpg,745_right.jpg,
2833_right.jpg,819_right.jpg,
2461_right.jpg,892_right.jpg,
3190_left.jpg,954_left.jpg,
2555_left.jpg,357_left.jpg,
439_left.jpg,893_left.jpg,
2977_right.jpg,880_left.jpg,
4528_right.jpg,520_right.jpg,
696_right.jpg,173_right.jpg,
333_left.jpg,907_right.jpg,
2394_right.jpg,298_left.jpg,
2573_left.jpg,,
258_left.jpg,,
2981_right.jpg,,
3258_left.jpg,,
2517_left.jpg,,
2658_right.jpg,,
2976_right.jpg,,
2910_right.jpg,,
3215_left.jpg,,
2772_left.jpg,,
2612_right.jpg,,
1164_right.jpg,,
1019_right.jpg,,
2951_right.jpg,,
524_left.jpg,,
2341_left.jpg,,
3266_right.jpg,,
2986_right.jpg,,
508_right.jpg,,
191_right.jpg,,
3026_right.jpg,,
2882_right.jpg,,
2603_right.jpg,,
3225_right.jpg,,
2503_right.jpg,,
2873_left.jpg,,
3252_right.jpg,,
3377_left.jpg,,
2963_right.jpg,,
3450_left.jpg,,
4309_left.jpg,,
4300_left.jpg,,
478_right.jpg,,
2817_right.jpg,,
310_left.jpg,,
2871_right.jpg,,
1404_right.jpg,,
809_right.jpg,,
3407_right.jpg,,
2822_right.jpg,,
3141_right.jpg,,
2718_right.jpg,,
2819_right.jpg,,
4465_left.jpg,,
4203_left.jpg,,
2400_right.jpg,,
3294_left.jpg,,
3302_left.jpg,,
3299_left.jpg,,
2388_right.jpg,,
932_left.jpg,,
810_left.jpg,,
4287_left.jpg,,
4023_left.jpg,,
2905_left.jpg,,
3438_left.jpg,,
2329_left.jpg,,
3404_right.jpg,,
353_left.jpg,,
2958_right.jpg,,
2521_right.jpg,,
2950_left.jpg,,
2860_right.jpg,,
530_left.jpg,,
2810_right.jpg,,
1444_right.jpg,,
2551_right.jpg,,
2892_right.jpg,,
974_right.jpg,,
3296_left.jpg,,
2379_left.jpg,,
3061_right.jpg,,
3212_left.jpg,,
137_left.jpg,,
3393_right.jpg,,
3209_right.jpg,,
3370_left.jpg,,
2444_left.jpg,,
3206_left.jpg,,
979_left.jpg,,
2475_left.jpg,,
1117_left.jpg,,
2969_left.jpg,,
2381_right.jpg,,
3083_left.jpg,,
4637_left.jpg,,
2890_left.jpg,,
832_right.jpg,,
521_left.jpg,,
143_left.jpg,,
3289_right.jpg,,
200_right.jpg,,
437_left.jpg,,
804_left.jpg,,
4563_right.jpg,,
3181_right.jpg,,
3071_right.jpg,,
3282_left.jpg,,
2427_left.jpg,,
1093_right.jpg,,
3152_right.jpg,,
4468_left.jpg,,
4153_left.jpg,,
2893_right.jpg,,
2423_left.jpg,,
3070_right.jpg,,
2924_left.jpg,,
2460_left.jpg,,
2472_right.jpg,,
4176_left.jpg,,
190_left.jpg,,
4057_left.jpg,,
2510_right.jpg,,
2925_right.jpg,,
2975_right.jpg,,
1452_right.jpg,,
4106_left.jpg,,
277_left.jpg,,
2636_left.jpg,,
2781_right.jpg,,
3344_right.jpg,,
440_left.jpg,,
2882_left.jpg,,
4586_right.jpg,,
1118_left.jpg,,
3336_left.jpg,,
2473_right.jpg,,
1109_left.jpg,,
3240_right.jpg,,
2811_left.jpg,,
4079_left.jpg,,
4297_left.jpg,,
2392_left.jpg,,
2918_right.jpg,,
2504_left.jpg,,
2799_right.jpg,,
2693_left.jpg,,
2476_right.jpg,,
1113_left.jpg,,
3179_right.jpg,,
2697_left.jpg,,
2838_right.jpg,,
2662_right.jpg,,
3033_right.jpg,,
695_right.jpg,,
1092_left.jpg,,
2659_left.jpg,,
3386_left.jpg,,
2643_right.jpg,,
4362_right.jpg,,
2613_right.jpg,,
3120_right.jpg,,
2728_left.jpg,,
2964_left.jpg,,
2996_left.jpg,,
2749_left.jpg,,
1160_left.jpg,,
2437_left.jpg,,
2765_left.jpg,,
2856_right.jpg,,
742_right.jpg,,
2149_left.jpg,,
2421_left.jpg,,
2736_left.jpg,,
2716_right.jpg,,
52_left.jpg,,
2982_left.jpg,,
3023_left.jpg,,
717_right.jpg,,
3169_right.jpg,,
3407_left.jpg,,
2727_left.jpg,,
3194_right.jpg,,
737_left.jpg,,
3268_left.jpg,,
2828_left.jpg,,
252_left.jpg,,
1479_right.jpg,,
4500_left.jpg,,
349_left.jpg,,
4415_right.jpg,,
2783_right.jpg,,
2440_right.jpg,,
2652_right.jpg,,
2691_left.jpg,,
3087_right.jpg,,
2745_right.jpg,,
2337_left.jpg,,
110_right.jpg,,
4389_right.jpg,,
3237_right.jpg,,
31_right.jpg,,
2957_right.jpg,,
822_left.jpg,,
3416_right.jpg,,
2746_left.jpg,,
3977_right.jpg,,
946_left.jpg,,
807_right.jpg,,
3294_right.jpg,,
2516_left.jpg,,
2998_left.jpg,,
2470_left.jpg,,
3062_left.jpg,,
2784_right.jpg,,
2790_right.jpg,,
1059_right.jpg,,
1515_right.jpg,,
326_left.jpg,,
3270_right.jpg,,
1023_left.jpg,,
954_right.jpg,,
617_left.jpg,,
2961_left.jpg,,
3007_right.jpg,,
298_right.jpg,,
3057_left.jpg,,
2866_left.jpg,,
3171_right.jpg,,
3353_right.jpg,,
2707_left.jpg,,
242_right.jpg,,
2876_left.jpg,,
2995_right.jpg,,
2542_right.jpg,,
4355_left.jpg,,
3047_right.jpg,,
2972_left.jpg,,
2826_right.jpg,,
2856_left.jpg,,
3241_left.jpg,,
951_right.jpg,,
2594_right.jpg,,
1090_right.jpg,,
2703_left.jpg,,
918_right.jpg,,
2497_right.jpg,,
2473_left.jpg,,
875_right.jpg,,
2646_right.jpg,,
3137_left.jpg,,
2663_left.jpg,,
2923_right.jpg,,
3100_left.jpg,,
4067_right.jpg,,
3252_left.jpg,,
3259_right.jpg,,
1569_left.jpg,,
2591_left.jpg,,
1168_left.jpg,,
2645_right.jpg,,
2398_right.jpg,,
800_left.jpg,,
2588_left.jpg,,
3244_left.jpg,,
2406_left.jpg,,
1453_left.jpg,,
2651_left.jpg,,
3423_left.jpg,,
3304_right.jpg,,
3329_right.jpg,,
2978_left.jpg,,
2451_left.jpg,,
3308_left.jpg,,
2761_right.jpg,,
2692_left.jpg,,
4614_left.jpg,,
3076_right.jpg,,
3142_left.jpg,,
2575_left.jpg,,
3030_left.jpg,,
4496_left.jpg,,
2718_left.jpg,,
3340_right.jpg,,
3210_left.jpg,,
749_right.jpg,,
2681_right.jpg,,
3043_right.jpg,,
3204_left.jpg,,
3056_right.jpg,,
2671_left.jpg,,
3264_right.jpg,,
3306_left.jpg,,
3983_left.jpg,,
2936_right.jpg,,
2859_right.jpg,,
4487_left.jpg,,
2193_left.jpg,,
3305_left.jpg,,
3361_right.jpg,,
3183_right.jpg,,
2993_right.jpg,,
356_left.jpg,,
2337_right.jpg,,
3160_right.jpg,,
2417_left.jpg,,
2435_right.jpg,,
3107_right.jpg,,
728_right.jpg,,
3421_right.jpg,,
364_right.jpg,,
1171_right.jpg,,
2879_left.jpg,,
1207_right.jpg,,
373_left.jpg,,
2408_left.jpg,,
2690_right.jpg,,
2800_right.jpg,,
2330_left.jpg,,
2682_left.jpg,,
3368_left.jpg,,
3325_left.jpg,,
2390_left.jpg,,
3039_right.jpg,,
3115_left.jpg,,
2885_left.jpg,,
2379_right.jpg,,
3363_right.jpg,,
2809_right.jpg,,
3439_left.jpg,,
2675_right.jpg,,
1142_right.jpg,,
2650_left.jpg,,
2805_right.jpg,,
3412_left.jpg,,
4159_right.jpg,,
2405_right.jpg,,
2787_right.jpg,,
3017_right.jpg,,
2441_right.jpg,,
3448_left.jpg,,
3102_right.jpg,,
3196_right.jpg,,
4339_right.jpg,,
2802_left.jpg,,
2171_right.jpg,,
2378_left.jpg,,
2387_right.jpg,,
3397_right.jpg,,
3364_right.jpg,,
4200_left.jpg,,
869_left.jpg,,
3263_left.jpg,,
3068_left.jpg,,
3335_left.jpg,,
2348_right.jpg,,
2992_right.jpg,,
399_right.jpg,,
1034_right.jpg,,
3232_right.jpg,,
2560_left.jpg,,
3104_left.jpg,,
3437_left.jpg,,
2672_right.jpg,,
2508_right.jpg,,
2334_right.jpg,,
2954_right.jpg,,
2730_left.jpg,,
3164_right.jpg,,
2514_left.jpg,,
4328_right.jpg,,
2548_right.jpg,,
3041_left.jpg,,
2452_right.jpg,,
3303_left.jpg,,
3941_right.jpg,,
2442_right.jpg,,
4193_left.jpg,,
917_left.jpg,,
2796_right.jpg,,
3136_right.jpg,,
3347_right.jpg,,
2448_left.jpg,,
3440_left.jpg,,
3173_left.jpg,,
2899_left.jpg,,
3184_left.jpg,,
602_right.jpg,,
2590_right.jpg,,
2513_right.jpg,,
4076_left.jpg,,
2966_left.jpg,,
2330_right.jpg,,
3334_left.jpg,,
3123_left.jpg,,
2430_right.jpg,,
2793_left.jpg,,
685_right.jpg,,
3245_right.jpg,,
61_right.jpg,,
2726_right.jpg,,
2933_left.jpg,,
2439_left.jpg,,
2346_right.jpg,,
259_left.jpg,,
2688_left.jpg,,
655_right.jpg,,
2338_right.jpg,,
2373_left.jpg,,
658_left.jpg,,
2710_left.jpg,,
2568_right.jpg,,
2154_right.jpg,,
4242_left.jpg,,
2655_right.jpg,,
3043_left.jpg,,
2457_right.jpg,,
2918_left.jpg,,
3_left.jpg,,
2381_left.jpg,,
3195_right.jpg,,
3120_left.jpg,,
2973_right.jpg,,
3254_right.jpg,,
285_left.jpg,,
3315_right.jpg,,
2569_right.jpg,,
2837_right.jpg,,
2845_right.jpg,,
1006_left.jpg,,
3236_left.jpg,,
2393_right.jpg,,
2462_right.jpg,,
3051_left.jpg,,
3101_left.jpg,,
2581_left.jpg,,
1038_left.jpg,,
3222_right.jpg,,
2898_left.jpg,,
1493_right.jpg,,
2136_right.jpg,,
3341_right.jpg,,
4197_left.jpg,,
184_left.jpg,,
1475_right.jpg,,
430_right.jpg,,
3944_left.jpg,,
4351_left.jpg,,
4053_left.jpg,,
3994_left.jpg,,
947_left.jpg,,
4182_left.jpg,,
4660_left.jpg,,
4094_right.jpg,,
4584_left.jpg,,
3987_right.jpg,,
4337_left.jpg,,
4127_left.jpg,,
4508_left.jpg,,
4462_left.jpg,,
229_left.jpg,,
622_left.jpg,,
4430_left.jpg,,
4403_left.jpg,,
755_right.jpg,,
3960_left.jpg,,
4450_left.jpg,,
4362_left.jpg,,
4127_right.jpg,,
4629_right.jpg,,
4380_right.jpg,,
4210_right.jpg,,
4538_right.jpg,,
4487_right.jpg,,
4005_right.jpg,,
507_left.jpg,,
4234_left.jpg,,
3991_right.jpg,,
4240_right.jpg,,
4289_left.jpg,,
4158_right.jpg,,
4192_left.jpg,,
4279_right.jpg,,
4307_right.jpg,,
4344_right.jpg,,
4171_right.jpg,,
4394_left.jpg,,
4670_left.jpg,,
4106_right.jpg,,
4037_left.jpg,,
4284_left.jpg,,
494_right.jpg,,
4120_right.jpg,,
435_left.jpg,,
4333_right.jpg,,
4232_left.jpg,,
4470_right.jpg,,
4650_right.jpg,,
4480_right.jpg,,
4565_left.jpg,,
4590_left.jpg,,
913_left.jpg,,
4054_left.jpg,,
676_right.jpg,,
3953_left.jpg,,
4580_right.jpg,,
4233_left.jpg,,
4676_right.jpg,,
327_left.jpg,,
802_right.jpg,,
1285_right.jpg,,
492_right.jpg,,
398_right.jpg,,
4619_right.jpg,,
4225_right.jpg,,
4217_right.jpg,,
634_left.jpg,,
4690_left.jpg,,
563_left.jpg,,
462_left.jpg,,
4026_right.jpg,,
4091_left.jpg,,
4593_right.jpg,,
535_left.jpg,,
4677_right.jpg,,
949_left.jpg,,
595_left.jpg,,
4183_right.jpg,,
411_right.jpg,,
796_right.jpg,,
4268_left.jpg,,
1152_right.jpg,,
4504_left.jpg,,
4444_right.jpg,,
976_left.jpg,,
4301_left.jpg,,
4471_left.jpg,,
4480_left.jpg,,
4094_left.jpg,,
4181_right.jpg,,
341_right.jpg,,
4316_right.jpg,,
4248_left.jpg,,
262_left.jpg,,
1106_right.jpg,,
4332_left.jpg,,
4130_right.jpg,,
4114_left.jpg,,
678_right.jpg,,
4179_right.jpg,,
4318_right.jpg,,
807_left.jpg,,
991_right.jpg,,
4341_right.jpg,,
4516_left.jpg,,
4622_right.jpg,,
4148_left.jpg,,
4495_right.jpg,,
4532_right.jpg,,
4547_left.jpg,,
619_right.jpg,,
4611_left.jpg,,
4527_left.jpg,,
4153_right.jpg,,
4018_right.jpg,,
4081_left.jpg,,
47_left.jpg,,
4223_left.jpg,,
4425_right.jpg,,
493_left.jpg,,
4444_left.jpg,,
296_left.jpg,,
4555_left.jpg,,
338_right.jpg,,
4496_right.jpg,,
708_right.jpg,,
801_right.jpg,,
3956_right.jpg,,
4164_left.jpg,,
4046_right.jpg,,
538_left.jpg,,
960_right.jpg,,
794_right.jpg,,
274_right.jpg,,
1136_left.jpg,,
916_left.jpg,,
249_right.jpg,,
4383_left.jpg,,
4519_right.jpg,,
4208_right.jpg,,
4072_left.jpg,,
4232_right.jpg,,
4096_right.jpg,,
4565_right.jpg,,
4236_left.jpg,,
4278_right.jpg,,
4488_right.jpg,,
250_left.jpg,,
4632_left.jpg,,
4509_left.jpg,,
452_right.jpg,,
4113_right.jpg,,
1094_left.jpg,,
4296_right.jpg,,
4238_right.jpg,,
4146_right.jpg,,
4167_right.jpg,,
4317_left.jpg,,
537_right.jpg,,
268_left.jpg,,
4673_left.jpg,,
4433_right.jpg,,
4334_right.jpg,,
4545_left.jpg,,
3969_right.jpg,,
2_right.jpg,,
4686_right.jpg,,
4409_left.jpg,,
54_right.jpg,,
4556_left.jpg,,
4314_right.jpg,,
4250_right.jpg,,
4530_left.jpg,,
812_left.jpg,,
4309_right.jpg,,
1157_right.jpg,,
4063_left.jpg,,
4553_right.jpg,,
4509_right.jpg,,
4358_left.jpg,,
799_right.jpg,,
4078_left.jpg,,
4128_left.jpg,,
4361_right.jpg,,
4112_right.jpg,,
2200_right.jpg,,
3979_left.jpg,,
4005_left.jpg,,
3991_left.jpg,,
288_right.jpg,,
557_right.jpg,,
4491_left.jpg,,
4293_left.jpg,,
1971_right.jpg,,
4142_left.jpg,,
4473_left.jpg,,
274_left.jpg,,
707_left.jpg,,
4314_left.jpg,,
4391_right.jpg,,
206_left.jpg,,
4620_right.jpg,,
4430_right.jpg,,
4429_right.jpg,,
4612_left.jpg,,
4073_right.jpg,,
4594_right.jpg,,
4116_right.jpg,,
320_left.jpg,,
4670_right.jpg,,
4388_left.jpg,,
4402_left.jpg,,
1657_right.jpg,,
280_right.jpg,,
4407_right.jpg,,
2220_left.jpg,,
881_left.jpg,,
4595_right.jpg,,
4195_left.jpg,,
4675_right.jpg,,
4220_right.jpg,,
4431_right.jpg,,
677_left.jpg,,
4223_right.jpg,,
44_left.jpg,,
1434_right.jpg,,
4467_right.jpg,,
4181_left.jpg,,
4303_left.jpg,,
1153_right.jpg,,
1942_right.jpg,,
4024_right.jpg,,
4107_right.jpg,,
4039_left.jpg,,
4318_left.jpg,,
4156_left.jpg,,
4097_right.jpg,,
4082_left.jpg,,
684_right.jpg,,
3985_right.jpg,,
2166_right.jpg,,
4183_left.jpg,,
3976_right.jpg,,
605_left.jpg,,
4456_right.jpg,,
4551_left.jpg,,
3941_left.jpg,,
4400_right.jpg,,
445_left.jpg,,
535_right.jpg,,
3992_left.jpg,,
4386_right.jpg,,
1731_right.jpg,,
44_right.jpg,,
4100_right.jpg,,
700_left.jpg,,
4651_left.jpg,,
4605_right.jpg,,
441_right.jpg,,
597_right.jpg,,
4011_right.jpg,,
123_right.jpg,,
956_left.jpg,,
672_right.jpg,,
2262_right.jpg,,
964_right.jpg,,
871_left.jpg,,
3993_left.jpg,,
3969_left.jpg,,
4445_left.jpg,,
4277_right.jpg,,
284_right.jpg,,
3950_left.jpg,,
4456_left.jpg,,
4261_right.jpg,,
4148_right.jpg,,
4265_left.jpg,,
4263_right.jpg,,
111_left.jpg,,
4658_right.jpg,,
3981_right.jpg,,
444_left.jpg,,
980_left.jpg,,
4053_right.jpg,,
328_left.jpg,,
3984_left.jpg,,
22_left.jpg,,
4375_left.jpg,,
386_left.jpg,,
4319_left.jpg,,
4124_left.jpg,,
4567_left.jpg,,
3976_left.jpg,,
4617_left.jpg,,
4109_left.jpg,,
1153_left.jpg,,
1167_left.jpg,,
4371_left.jpg,,
3982_left.jpg,,
4655_right.jpg,,
3970_right.jpg,,
558_left.jpg,,
4573_left.jpg,,
4306_right.jpg,,
4137_right.jpg,,
4324_right.jpg,,
898_left.jpg,,
616_right.jpg,,
4133_right.jpg,,
4206_left.jpg,,
338_left.jpg,,
4439_left.jpg,,
442_right.jpg,,
4420_left.jpg,,
4190_right.jpg,,
4534_left.jpg,,
4021_left.jpg,,
2078_right.jpg,,
1674_left.jpg,,
3977_left.jpg,,
4379_left.jpg,,
4365_right.jpg,,
4593_left.jpg,,
4379_right.jpg,,
296_right.jpg,,
4243_left.jpg,,
495_left.jpg,,
4628_right.jpg,,
506_right.jpg,,
4068_left.jpg,,
263_left.jpg,,
3938_right.jpg,,
4575_left.jpg,,
4304_left.jpg,,
4137_left.jpg,,
4289_right.jpg,,
622_right.jpg,,
4453_left.jpg,,
964_left.jpg,,
2234_right.jpg,,
4336_right.jpg,,
4051_right.jpg,,
4090_left.jpg,,
1068_left.jpg,,
4613_left.jpg,,
4589_left.jpg,,
574_left.jpg,,
3987_left.jpg,,
312_right.jpg,,
4369_right.jpg,,
4085_right.jpg,,
4614_right.jpg,,
4276_left.jpg,,
4373_right.jpg,,
4484_right.jpg,,
2201_left.jpg,,
4267_right.jpg,,
4524_left.jpg,,
4175_right.jpg,,
605_right.jpg,,
383_left.jpg,,
4406_right.jpg,,
4595_left.jpg,,
1482_right.jpg,,
282_left.jpg,,
4325_right.jpg,,
1084_left.jpg,,
1706_right.jpg,,
4231_right.jpg,,
4056_right.jpg,,
4530_right.jpg,,
4194_left.jpg,,
469_right.jpg,,
898_right.jpg,,
4498_left.jpg,,
413_right.jpg,,
4008_left.jpg,,
4578_right.jpg,,
4320_right.jpg,,
549_left.jpg,,
314_left.jpg,,
3996_left.jpg,,
87_left.jpg,,
3940_right.jpg,,
4507_right.jpg,,
4603_right.jpg,,
4059_right.jpg,,
5_right.jpg,,
1409_right.jpg,,
4338_left.jpg,,
850_left.jpg,,
4541_left.jpg,,
4381_right.jpg,,
4280_left.jpg,,
4265_right.jpg,,
495_right.jpg,,
90_right.jpg,,
4348_right.jpg,,
4166_left.jpg,,
647_left.jpg,,
4235_right.jpg,,
6_right.jpg,,
4533_left.jpg,,
744_left.jpg,,
3997_left.jpg,,
550_right.jpg,,
4093_left.jpg,,
4419_left.jpg,,
4086_left.jpg,,
4236_right.jpg,,
4285_left.jpg,,
926_right.jpg,,
4014_left.jpg,,
3952_right.jpg,,
4032_left.jpg,,
4299_right.jpg,,
163_left.jpg,,
4090_right.jpg,,
4220_left.jpg,,
4160_left.jpg,,
4050_right.jpg,,
4095_left.jpg,,
4395_left.jpg,,
3957_right.jpg,,
46_left.jpg,,
4486_right.jpg,,
4275_left.jpg,,
4413_right.jpg,,
4086_right.jpg,,
77_left.jpg,,
4535_right.jpg,,
348_right.jpg,,
929_left.jpg,,
4251_left.jpg,,
4552_left.jpg,,
4411_left.jpg,,
4044_right.jpg,,
678_left.jpg,,
3938_left.jpg,,
127_right.jpg,,
4084_right.jpg,,
4216_left.jpg,,
415_left.jpg,,
4260_right.jpg,,
4195_right.jpg,,
4515_left.jpg,,
698_left.jpg,,
4558_right.jpg,,
3973_left.jpg,,
2156_right.jpg,,
4502_right.jpg,,
980_right.jpg,,
825_right.jpg,,
578_left.jpg,,
4169_right.jpg,,
4481_left.jpg,,
4303_right.jpg,,
4015_left.jpg,,
4536_left.jpg,,
5_left.jpg,,
89_right.jpg,,
4221_left.jpg,,
1206_left.jpg,,
4048_left.jpg,,
4597_left.jpg,,
516_right.jpg,,
861_right.jpg,,
4519_left.jpg,,
4582_right.jpg,,
920_left.jpg,,
4650_left.jpg,,
4151_left.jpg,,
225_right.jpg,,
257_right.jpg,,
4307_left.jpg,,
4669_left.jpg,,
4489_right.jpg,,
4268_right.jpg,,
4118_right.jpg,,
4686_left.jpg,,
718_left.jpg,,
87_right.jpg,,
566_right.jpg,,
4541_right.jpg,,
4112_left.jpg,,
1138_left.jpg,,
4110_right.jpg,,
4117_right.jpg,,
4426_left.jpg,,
4300_right.jpg,,
1035_right.jpg,,
234_right.jpg,,
4524_right.jpg,,
1068_right.jpg,,
627_left.jpg,,
765_right.jpg,,
713_right.jpg,,
4607_left.jpg,,
4055_right.jpg,,
784_right.jpg,,
414_right.jpg,,
4374_right.jpg,,
4529_right.jpg,,
26_left.jpg,,
4532_left.jpg,,
4403_right.jpg,,
4631_right.jpg,,
4401_left.jpg,,
2228_left.jpg,,
4421_right.jpg,,
4455_left.jpg,,
4200_right.jpg,,
4188_left.jpg,,
4377_right.jpg,,
4525_left.jpg,,
709_left.jpg,,
4241_right.jpg,,
4540_right.jpg,,
791_right.jpg,,
799_left.jpg,,
3956_left.jpg,,
1963_left.jpg,,
4071_right.jpg,,
4547_right.jpg,,
4671_left.jpg,,
2161_left.jpg,,
4213_right.jpg,,
4102_right.jpg,,
118_left.jpg,,
4493_left.jpg,,
4675_left.jpg,,
4151_right.jpg,,
4549_left.jpg,,
538_right.jpg,,
4613_right.jpg,,
4365_left.jpg,,
4607_right.jpg,,
579_right.jpg,,
1388_left.jpg,,
923_right.jpg,,
4152_right.jpg,,
4034_right.jpg,,
3945_left.jpg,,
4564_right.jpg,,
4085_left.jpg,,
4205_right.jpg,,
1106_left.jpg,,
3980_left.jpg,,
1205_right.jpg,,
4178_right.jpg,,
473_left.jpg,,
4174_right.jpg,,
913_right.jpg,,
2078_left.jpg,,
4609_left.jpg,,
948_right.jpg,,
4334_left.jpg,,
4294_left.jpg,,
4101_left.jpg,,
4025_right.jpg,,
3966_left.jpg,,
914_left.jpg,,
199_right.jpg,,
3954_left.jpg,,
4630_right.jpg,,
978_right.jpg,,
4477_left.jpg,,
4615_left.jpg,,
4305_left.jpg,,
4099_right.jpg,,
3955_right.jpg,,
3961_right.jpg,,
4160_right.jpg,,
1413_left.jpg,,
4623_left.jpg,,
621_right.jpg,,
4657_right.jpg,,
367_right.jpg,,
176_left.jpg,,
682_left.jpg,,
3968_right.jpg,,
864_right.jpg,,
4335_left.jpg,,
11_left.jpg,,
231_left.jpg,,
4384_right.jpg,,
4344_left.jpg,,
4432_left.jpg,,
4080_right.jpg,,
257_left.jpg,,
666_right.jpg,,
4645_right.jpg,,
4262_left.jpg,,
4185_right.jpg,,
4204_left.jpg,,
4495_left.jpg,,
4499_left.jpg,,
4498_right.jpg,,
475_left.jpg,,
4083_left.jpg,,
4669_right.jpg,,
2115_left.jpg,,
4226_right.jpg,,
4040_left.jpg,,
4_right.jpg,,
157_right.jpg,,
592_right.jpg,,
4636_right.jpg,,
667_left.jpg,,
743_left.jpg,,
4494_right.jpg,,
4596_right.jpg,,
176_right.jpg,,
2117_right.jpg,,
4168_left.jpg,,
221_right.jpg,,
4624_right.jpg,,
4176_right.jpg,,
4451_left.jpg,,
926_left.jpg,,
4144_left.jpg,,
498_left.jpg,,
479_right.jpg,,
4244_right.jpg,,
2141_left.jpg,,
4278_left.jpg,,
4185_left.jpg,,
49_left.jpg,,
4618_right.jpg,,
4603_left.jpg,,
4433_left.jpg,,
748_right.jpg,,
4312_left.jpg,,
311_left.jpg,,
4689_left.jpg,,
4513_right.jpg,,
4664_left.jpg,,
4399_left.jpg,,
4383_right.jpg,,
3937_right.jpg,,
4576_right.jpg,,
209_left.jpg,,
1083_right.jpg,,
4097_left.jpg,,
267_left.jpg,,
649_right.jpg,,
420_left.jpg,,
383_right.jpg,,
4048_right.jpg,,
4424_left.jpg,,
361_right.jpg,,
3978_left.jpg,,
3951_left.jpg,,
4080_left.jpg,,
4472_right.jpg,,
3952_left.jpg,,
4449_right.jpg,,
4545_right.jpg,,
753_right.jpg,,
4462_right.jpg,,
4030_left.jpg,,
3939_right.jpg,,
1147_right.jpg,,
667_right.jpg,,
4252_right.jpg,,
137_right.jpg,,
4177_right.jpg,,
4221_right.jpg,,
3962_left.jpg,,
4412_left.jpg,,
4605_left.jpg,,
4583_left.jpg,,
4643_right.jpg,,
4249_left.jpg,,
281_left.jpg,,
4332_right.jpg,,
612_right.jpg,,
4520_right.jpg,,
4464_right.jpg,,
207_right.jpg,,
600_left.jpg,,
578_right.jpg,,
653_left.jpg,,
4074_left.jpg,,
139_right.jpg,,
4213_left.jpg,,
4038_right.jpg,,
4566_left.jpg,,
4046_left.jpg,,
4568_right.jpg,,
794_left.jpg,,
289_left.jpg,,
4331_right.jpg,,
4107_left.jpg,,
3996_right.jpg,,
596_right.jpg,,
750_right.jpg,,
4028_right.jpg,,
4270_left.jpg,,
4520_left.jpg,,
4049_right.jpg,,
4429_left.jpg,,
4421_left.jpg,,
4140_left.jpg,,
71_left.jpg,,
691_right.jpg,,
4301_right.jpg,,
4222_left.jpg,,
701_right.jpg,,
4342_right.jpg,,
604_right.jpg,,
4147_left.jpg,,
714_left.jpg,,
4274_left.jpg,,
2165_left.jpg,,
635_left.jpg,,
537_left.jpg,,
4212_right.jpg,,
4196_left.jpg,,
713_left.jpg,,
3965_left.jpg,,
412_left.jpg,,
81_right.jpg,,
808_left.jpg,,
3934_right.jpg,,
654_left.jpg,,
4475_right.jpg,,
4427_left.jpg,,
4588_left.jpg,,
1157_left.jpg,,
4402_right.jpg,,
4629_left.jpg,,
3957_left.jpg,,
4504_right.jpg,,
4119_right.jpg,,
654_right.jpg,,
4512_right.jpg,,
4352_right.jpg,,
997_right.jpg,,
4331_left.jpg,,
1147_left.jpg,,
4461_left.jpg,,
4653_right.jpg,,
4612_right.jpg,,
4155_left.jpg,,
1238_left.jpg,,
4039_right.jpg,,
763_left.jpg,,
4089_left.jpg,,
4452_left.jpg,,
4479_right.jpg,,
4515_right.jpg,,
209_right.jpg,,
4481_right.jpg,,
4002_left.jpg,,
4343_right.jpg,,
2032_left.jpg,,
4012_left.jpg,,
4021_right.jpg,,
4073_left.jpg,,
4679_right.jpg,,
4310_left.jpg,,
757_left.jpg,,
755_left.jpg,,
4488_left.jpg,,
4367_left.jpg,,
4134_right.jpg,,
4567_right.jpg,,
4431_left.jpg,,
784_left.jpg,,
733_left.jpg,,
4211_right.jpg,,
4266_right.jpg,,
4371_right.jpg,,
3932_left.jpg,,
3943_left.jpg,,
562_right.jpg,,
4258_right.jpg,,
4323_right.jpg,,
4546_right.jpg,,
997_left.jpg,,
4357_left.jpg,,
539_left.jpg,,
569_right.jpg,,
4538_left.jpg,,
4158_left.jpg,,
813_right.jpg,,
4617_right.jpg,,
4544_left.jpg,,
4611_right.jpg,,
4359_right.jpg,,
4119_left.jpg,,
4553_left.jpg,,
358_right.jpg,,
492_left.jpg,,
4410_right.jpg,,
4069_right.jpg,,
4647_right.jpg,,
4286_left.jpg,,
518_right.jpg,,
4253_right.jpg,,
4516_right.jpg,,
1496_left.jpg,,
4477_right.jpg,,
3950_right.jpg,,
1082_right.jpg,,
4682_right.jpg,,
4131_right.jpg,,
569_left.jpg,,
4028_left.jpg,,
4125_right.jpg,,
4396_right.jpg,,
1482_left.jpg,,
1838_right.jpg,,
1409_left.jpg,,
4466_right.jpg,,
2096_left.jpg,,
687_right.jpg,,
3972_left.jpg,,
609_left.jpg,,
4320_left.jpg,,
3966_right.jpg,,
4045_right.jpg,,
4272_left.jpg,,
4624_left.jpg,,
186_right.jpg,,
4616_right.jpg,,
4326_left.jpg,,
4639_right.jpg,,
868_right.jpg,,
976_right.jpg,,
4313_right.jpg,,
4186_right.jpg,,
378_right.jpg,,
765_left.jpg,,
2100_left.jpg,,
4102_left.jpg,,
4438_right.jpg,,
582_right.jpg,,
67_right.jpg,,
1071_left.jpg,,
4012_right.jpg,,
3979_right.jpg,,
4254_left.jpg,,
4342_left.jpg,,
576_left.jpg,,
498_right.jpg,,
368_left.jpg,,
4076_right.jpg,,
860_right.jpg,,
4018_left.jpg,,
4557_right.jpg,,
4543_left.jpg,,
1410_right.jpg,,
4436_left.jpg,,
4469_right.jpg,,
4534_right.jpg,,
234_left.jpg,,
4597_right.jpg,,
445_right.jpg,,
4391_left.jpg,,
839_left.jpg,,
593_right.jpg,,
4311_right.jpg,,
4099_left.jpg,,
4575_right.jpg,,
279_left.jpg,,
576_right.jpg,,
4599_right.jpg,,
4467_left.jpg,,
4003_left.jpg,,
4218_right.jpg,,
4281_left.jpg,,
4104_right.jpg,,
3946_right.jpg,,
169_left.jpg,,
4673_right.jpg,,
4626_left.jpg,,
947_right.jpg,,
4539_right.jpg,,
567_left.jpg,,
4542_right.jpg,,
4478_right.jpg,,
3990_right.jpg,,
4641_right.jpg,,
4474_left.jpg,,
4644_left.jpg,,
4037_right.jpg,,
4350_left.jpg,,
4162_left.jpg,,
4397_left.jpg,,
186_left.jpg,,
4324_left.jpg,,
4497_right.jpg,,
551_right.jpg,,
4447_left.jpg,,
4484_left.jpg,,
4655_left.jpg,,
4266_left.jpg,,
107_right.jpg,,
4340_left.jpg,,
251_left.jpg,,
4172_left.jpg,,
806_left.jpg,,
148_right.jpg,,
4043_left.jpg,,
597_left.jpg,,
4465_right.jpg,,
4282_right.jpg,,
4122_right.jpg,,
4040_right.jpg,,
324_left.jpg,,
4242_right.jpg,,
1994_right.jpg,,
466_left.jpg,,
4428_left.jpg,,
601_left.jpg,,
3947_left.jpg,,
4546_left.jpg,,
4604_right.jpg,,
4184_right.jpg,,
960_left.jpg,,
4676_left.jpg,,
4215_left.jpg,,
4147_right.jpg,,
4561_left.jpg,,
159_left.jpg,,
890_right.jpg,,
217_right.jpg,,
4657_left.jpg,,
769_left.jpg,,
4071_left.jpg,,
4043_right.jpg,,
3985_left.jpg,,
594_right.jpg,,
4057_right.jpg,,
4401_right.jpg,,
4447_right.jpg,,
813_left.jpg,,
4013_left.jpg,,
692_left.jpg,,
308_left.jpg,,
4677_left.jpg,,
4035_left.jpg,,
714_right.jpg,,
4201_right.jpg,,
4642_left.jpg,,
3936_left.jpg,,
4110_left.jpg,,
4350_right.jpg,,
3994_right.jpg,,
4083_right.jpg,,
4398_left.jpg,,
4159_left.jpg,,
621_left.jpg,,
4645_left.jpg,,
3980_right.jpg,,
26_right.jpg,,
211_left.jpg,,
1269_right.jpg,,
1402_left.jpg,,
1218_left.jpg,,
1258_right.jpg,,
1330_right.jpg,,
1476_right.jpg,,
1286_left.jpg,,
1362_right.jpg,,
1515_left.jpg,,
1209_left.jpg,,
1291_left.jpg,,
1429_left.jpg,,
1453_right.jpg,,
1492_left.jpg,,
1286_right.jpg,,
1260_left.jpg,,
1213_right.jpg,,
1277_left.jpg,,
1345_left.jpg,,
1294_right.jpg,,
1281_right.jpg,,
1222_left.jpg,,
1959_left.jpg,,
1433_right.jpg,,
1427_right.jpg,,
1234_left.jpg,,
2063_right.jpg,,
1406_left.jpg,,
1469_right.jpg,,
1353_right.jpg,,
1309_left.jpg,,
1209_right.jpg,,
1282_right.jpg,,
1491_left.jpg,,
1503_right.jpg,,
1230_left.jpg,,
1392_right.jpg,,
1210_right.jpg,,
1263_right.jpg,,
1309_right.jpg,,
1222_right.jpg,,
1270_right.jpg,,
1374_right.jpg,,
1230_right.jpg,,
583_right.jpg,,
1264_left.jpg,,
1294_left.jpg,,
1488_right.jpg,,
1232_left.jpg,,
1248_right.jpg,,
1440_left.jpg,,
1225_left.jpg,,
1392_left.jpg,,
1251_right.jpg,,
1258_left.jpg,,
1351_left.jpg,,
1970_left.jpg,,
1213_left.jpg,,
1411_left.jpg,,
1220_left.jpg,,
1417_right.jpg,,
1410_left.jpg,,
1471_left.jpg,,
1386_right.jpg,,
1259_left.jpg,,
1369_left.jpg,,
1495_right.jpg,,
1267_left.jpg,,
1226_left.jpg,,
1477_right.jpg,,
1282_left.jpg,,
1441_left.jpg,,
2048_right.jpg,,
1404_left.jpg,,
1413_right.jpg,,
1334_left.jpg,,
1239_left.jpg,,
1411_right.jpg,,
1231_left.jpg,,
1302_right.jpg,,
1221_left.jpg,,
1216_right.jpg,,
1279_left.jpg,,
1469_left.jpg,,
1389_right.jpg,,
583_left.jpg,,
1318_right.jpg,,
1420_right.jpg,,
1325_right.jpg,,
1495_left.jpg,,
1301_right.jpg,,
1474_left.jpg,,
1246_left.jpg,,
1365_right.jpg,,
1492_right.jpg,,
1289_right.jpg,,
1211_right.jpg,,
1271_left.jpg,,
1436_left.jpg,,
1985_left.jpg,,
1227_right.jpg,,
1967_left.jpg,,
2074_left.jpg,,
1239_right.jpg,,
1227_left.jpg,,
1423_left.jpg,,
1267_right.jpg,,
1497_right.jpg,,
1256_right.jpg,,
1436_right.jpg,,
1396_left.jpg,,
1378_left.jpg,,
1218_right.jpg,,
1477_left.jpg,,
1489_left.jpg,,
1419_left.jpg,,
1425_right.jpg,,
1276_right.jpg,,
1487_right.jpg,,
1277_right.jpg,,
1232_right.jpg,,
1241_left.jpg,,
1268_right.jpg,,
1214_left.jpg,,
1374_left.jpg,,
1290_left.jpg,,
1371_left.jpg,,
1473_left.jpg,,
1405_left.jpg,,
1386_left.jpg,,
1318_left.jpg,,
1986_left.jpg,,
1447_left.jpg,,
1260_right.jpg,,
1327_left.jpg,,
1507_right.jpg,,
153_left.jpg,,
1212_right.jpg,,
1412_right.jpg,,
1964_left.jpg,,
1212_left.jpg,,
1265_right.jpg,,
1237_left.jpg,,
1426_left.jpg,,
1247_right.jpg,,
1270_left.jpg,,
1289_left.jpg,,
1334_right.jpg,,
1288_right.jpg,,
1450_left.jpg,,
1307_left.jpg,,
1251_left.jpg,,
746_left.jpg,,
1440_right.jpg,,
1273_right.jpg,,
1229_right.jpg,,
167_left.jpg,,
1408_right.jpg,,
1265_left.jpg,,
1259_right.jpg,,
1281_left.jpg,,
1303_left.jpg,,
1248_left.jpg,,
1977_left.jpg,,
1434_left.jpg,,
1262_right.jpg,,
1487_left.jpg,,
1971_left.jpg,,
1215_left.jpg,,
1246_right.jpg,,
1115_left.jpg,,
2166_left.jpg,,
2234_left.jpg,,
2180_left.jpg,,
1415_right.jpg,,
2193_right.jpg,,
2195_left.jpg,,
2129_left.jpg,,
2221_left.jpg,,
2187_right.jpg,,
2143_right.jpg,,
2182_left.jpg,,
726_left.jpg,,
2111_left.jpg,,
2169_left.jpg,,
2136_left.jpg,,
2210_left.jpg,,
2233_left.jpg,,
2216_left.jpg,,
330_left.jpg,,
2135_right.jpg,,
2248_left.jpg,,
2117_left.jpg,,
2217_left.jpg,,
2167_right.jpg,,
2223_left.jpg,,
2164_left.jpg,,
254_left.jpg,,
2198_left.jpg,,
2226_right.jpg,,
970_left.jpg,,
354_right.jpg,,
2137_left.jpg,,
2157_left.jpg,,
103_left.jpg,,
2144_right.jpg,,
2118_right.jpg,,
2207_right.jpg,,
2236_left.jpg,,
2116_left.jpg,,
2101_left.jpg,,
2169_right.jpg,,
2195_right.jpg,,
1490_right.jpg,,
2178_left.jpg,,
2215_left.jpg,,
2157_right.jpg,,
448_left.jpg,,
2219_left.jpg,,
2179_right.jpg,,
2134_right.jpg,,
0_left.jpg,,
2123_left.jpg,,
2191_right.jpg,,
477_right.jpg,,
2151_left.jpg,,
625_left.jpg,,
2140_right.jpg,,
2208_right.jpg,,
2206_left.jpg,,
2108_left.jpg,,
2155_right.jpg,,
2141_right.jpg,,
2200_left.jpg,,
2231_right.jpg,,
2134_left.jpg,,
2182_right.jpg,,
188_right.jpg,,
2096_right.jpg,,
2213_right.jpg,,
629_left.jpg,,
2240_left.jpg,,
2109_left.jpg,,
2205_right.jpg,,
1083_left.jpg,,
1454_right.jpg,,
2074_right.jpg,,
2219_right.jpg,,
2144_left.jpg,,
1285_left.jpg,,
1415_left.jpg,,
949_right.jpg,,
1435_left.jpg,,
2194_left.jpg,,
2104_left.jpg,,
2232_left.jpg,,
553_left.jpg,,
2177_right.jpg,,
999_right.jpg,,
2116_right.jpg,,
2183_right.jpg,,
2242_right.jpg,,
2163_left.jpg,,
2226_left.jpg,,
2154_left.jpg,,
1483_left.jpg,,
2190_right.jpg,,
2159_left.jpg,,
2126_right.jpg,,
2247_right.jpg,,
2105_left.jpg,,
2262_left.jpg,,
2244_right.jpg,,
2103_left.jpg,,
1144_right.jpg,,
2155_left.jpg,,
2247_left.jpg,,
2242_left.jpg,,
2176_right.jpg,,
2212_right.jpg,,
2097_right.jpg,,
2170_right.jpg,,
2156_left.jpg,,
2146_right.jpg,,
691_left.jpg,,
2122_right.jpg,,
2133_right.jpg,,
119_left.jpg,,
1484_left.jpg,,
2192_left.jpg,,
824_left.jpg,,
2106_right.jpg,,
2243_left.jpg,,
2138_left.jpg,,
2184_left.jpg,,
2216_right.jpg,,
2145_left.jpg,,
2178_right.jpg,,
2149_right.jpg,,
2129_right.jpg,,
2243_right.jpg,,
2114_left.jpg,,
2108_right.jpg,,
2113_left.jpg,,
1484_right.jpg,,
2112_right.jpg,,
2160_right.jpg,,
2223_right.jpg,,
2181_right.jpg,,
2132_left.jpg,,
2179_left.jpg,,
2099_left.jpg,,
2150_right.jpg,,
2109_right.jpg,,
2209_left.jpg,,
2152_left.jpg,,
625_right.jpg,,
2121_left.jpg,,
1084_right.jpg,,
2213_left.jpg,,
2137_right.jpg,,
2153_right.jpg,,
2147_left.jpg,,
2282_right.jpg,,
2197_right.jpg,,
1102_left.jpg,,
2127_left.jpg,,
2246_left.jpg,,
560_left.jpg,,
1456_left.jpg,,
2203_right.jpg,,
2122_left.jpg,,
2172_left.jpg,,
2098_right.jpg,,
1126_right.jpg,,
907_left.jpg,,
1460_right.jpg,,
2110_right.jpg,,
2176_left.jpg,,
2246_right.jpg,,
750_left.jpg,,
2175_left.jpg,,
2107_left.jpg,,
2206_right.jpg,,
2153_left.jpg,,
270_left.jpg,,
961_left.jpg,,
572_right.jpg,,
1064_right.jpg,,
1892_left.jpg,,
927_right.jpg,,
1879_right.jpg,,
1830_left.jpg,,
265_left.jpg,,
870_right.jpg,,
886_right.jpg,,
2065_left.jpg,,
1857_left.jpg,,
681_left.jpg,,
53_right.jpg,,
455_left.jpg,,
1820_left.jpg,,
178_right.jpg,,
1884_right.jpg,,
1840_left.jpg,,
1891_right.jpg,,
1075_left.jpg,,
168_right.jpg,,
712_left.jpg,,
971_right.jpg,,
447_left.jpg,,
977_left.jpg,,
152_right.jpg,,
168_left.jpg,,
1877_right.jpg,,
319_right.jpg,,
1857_right.jpg,,
847_right.jpg,,
1876_right.jpg,,
1043_right.jpg,,
1840_right.jpg,,
514_left.jpg,,
377_right.jpg,,
547_left.jpg,,
158_right.jpg,,
1104_right.jpg,,
1853_right.jpg,,
719_right.jpg,,
1191_left.jpg,,
514_right.jpg,,
1196_left.jpg,,
164_right.jpg,,
638_left.jpg,,
1280_left.jpg,,
419_right.jpg,,
532_left.jpg,,
1458_left.jpg,,
1085_right.jpg,,
1829_left.jpg,,
243_left.jpg,,
565_left.jpg,,
1850_right.jpg,,
910_left.jpg,,
1819_left.jpg,,
266_left.jpg,,
447_right.jpg,,
1197_right.jpg,,
852_right.jpg,,
424_left.jpg,,
126_left.jpg,,
1872_right.jpg,,
1085_left.jpg,,
1831_right.jpg,,
102_left.jpg,,
158_left.jpg,,
464_left.jpg,,
614_left.jpg,,
761_left.jpg,,
160_right.jpg,,
377_left.jpg,,
775_right.jpg,,
71_right.jpg,,
610_right.jpg,,
1458_right.jpg,,
1890_left.jpg,,
564_right.jpg,,
43_left.jpg,,
1111_left.jpg,,
1856_left.jpg,,
888_left.jpg,,
532_right.jpg,,
1892_right.jpg,,
992_left.jpg,,
311_right.jpg,,
238_right.jpg,,
1830_right.jpg,,
1065_left.jpg,,
1091_right.jpg,,
1862_left.jpg,,
1919_right.jpg,,
1154_left.jpg,,
230_right.jpg,,
1843_right.jpg,,
852_left.jpg,,
1295_left.jpg,,
870_left.jpg,,
992_right.jpg,,
1064_left.jpg,,
264_left.jpg,,
235_right.jpg,,
608_left.jpg,,
1043_left.jpg,,
1845_left.jpg,,
998_right.jpg,,
321_left.jpg,,
1868_right.jpg,,
1878_right.jpg,,
315_right.jpg,,
1837_right.jpg,,
48_left.jpg,,
270_right.jpg,,
238_left.jpg,,
266_right.jpg,,
1836_left.jpg,,
1834_left.jpg,,
152_left.jpg,,
910_right.jpg,,
1091_left.jpg,,
572_left.jpg,,
1880_left.jpg,,
1846_right.jpg,,
1885_left.jpg,,
410_right.jpg,,
1844_right.jpg,,
1878_left.jpg,,
961_right.jpg,,
292_left.jpg,,
1819_right.jpg,,
410_left.jpg,,
603_left.jpg,,
1829_right.jpg,,
55_right.jpg,,
292_right.jpg,,
662_right.jpg,,
48_right.jpg,,
681_right.jpg,,
788_left.jpg,,
53_left.jpg,,
1817_left.jpg,,
540_right.jpg,,
1879_left.jpg,,
1862_right.jpg,,
847_left.jpg,,
1168_right.jpg,,
210_right.jpg,,
1874_right.jpg,,
1295_right.jpg,,
1877_left.jpg,,
1889_right.jpg,,
761_right.jpg,,
1886_left.jpg,,
265_right.jpg,,
1098_left.jpg,,
885_right.jpg,,
1377_left.jpg,,
675_left.jpg,,
790_right.jpg,,
1989_left.jpg,,
4579_right.jpg,,
365_right.jpg,,
777_left.jpg,,
723_left.jpg,,
305_right.jpg,,
1048_left.jpg,,
62_right.jpg,,
4077_right.jpg,,
345_right.jpg,,
1024_right.jpg,,
4559_right.jpg,,
4562_right.jpg,,
62_left.jpg,,
4592_right.jpg,,
1303_right.jpg,,
32_left.jpg,,
4214_right.jpg,,
1853_left.jpg,,
957_right.jpg,,
849_left.jpg,,
543_right.jpg,,
849_right.jpg,,
1081_right.jpg,,
4784_left.jpg,,
1045_right.jpg,,
4215_right.jpg,,
1867_right.jpg,,
861_left.jpg,,
1031_right.jpg,,
4478_left.jpg,,
2052_right.jpg,,
2064_left.jpg,,
1046_right.jpg,,
968_left.jpg,,
4784_right.jpg,,
1867_left.jpg,,
4592_left.jpg,,
1056_left.jpg,,
179_left.jpg,,
2070_left.jpg,,
315_left.jpg,,
1024_left.jpg,,
983_left.jpg,,
720_right.jpg,,
1081_left.jpg,,
4327_right.jpg,,
1373_right.jpg,,
759_left.jpg,,
272_right.jpg,,
499_left.jpg,,
374_left.jpg,,
32_right.jpg,,
826_left.jpg,,
826_right.jpg,,
4129_left.jpg,,
686_right.jpg,,
345_left.jpg,,
777_right.jpg,,
23_left.jpg,,
45_left.jpg,,
1833_right.jpg,,
2004_left.jpg,,
3951_right.jpg,,
4581_left.jpg,,
754_right.jpg,,
95_right.jpg,,
2064_right.jpg,,
983_right.jpg,,
4202_left.jpg,,
355_right.jpg,,
23_right.jpg,,
4199_right.jpg,,
1578_left.jpg,,
1557_left.jpg,,
379_left.jpg,,
1686_right.jpg,,
1534_left.jpg,,
1621_left.jpg,,
1562_left.jpg,,
1564_left.jpg,,
1583_left.jpg,,
1550_right.jpg,,
1683_right.jpg,,
1552_right.jpg,,
1623_left.jpg,,
1628_left.jpg,,
18_left.jpg,,
1572_left.jpg,,
1536_left.jpg,,
722_right.jpg,,
1594_right.jpg,,
390_right.jpg,,
1552_left.jpg,,
1563_left.jpg,,
13_right.jpg,,
401_right.jpg,,
1513_right.jpg,,
1564_right.jpg,,
1560_right.jpg,,
1609_left.jpg,,
1530_right.jpg,,
1615_right.jpg,,
1610_left.jpg,,
1579_right.jpg,,
1553_left.jpg,,
1543_right.jpg,,
1629_left.jpg,,
1589_right.jpg,,
1659_right.jpg,,
1606_left.jpg,,
1206_right.jpg,,
1537_right.jpg,,
741_left.jpg,,
1574_right.jpg,,
1545_left.jpg,,
1526_left.jpg,,
1569_right.jpg,,
1546_left.jpg,,
908_right.jpg,,
1673_right.jpg,,
1349_right.jpg,,
106_left.jpg,,
1605_left.jpg,,
1546_right.jpg,,
1549_left.jpg,,
1597_right.jpg,,
1578_right.jpg,,
504_right.jpg,,
1556_left.jpg,,
1607_left.jpg,,
1532_left.jpg,,
1558_right.jpg,,
1579_left.jpg,,
1647_left.jpg,,
1576_left.jpg,,
1585_right.jpg,,
39_left.jpg,,
145_left.jpg,,
1541_left.jpg,,
1664_right.jpg,,
1573_right.jpg,,
1576_right.jpg,,
1716_left.jpg,,
1562_right.jpg,,
1551_left.jpg,,
1537_left.jpg,,
1538_left.jpg,,
567_right.jpg,,
1638_left.jpg,,
1694_right.jpg,,
1588_left.jpg,,
18_right.jpg,,
1520_right.jpg,,
1620_right.jpg,,
1533_left.jpg,,
1591_left.jpg,,
1666_right.jpg,,
1531_right.jpg,,
1566_left.jpg,,
1535_right.jpg,,
1553_right.jpg,,
1549_right.jpg,,
1640_left.jpg,,
771_left.jpg,,
1547_right.jpg,,
525_right.jpg,,
1540_right.jpg,,
1539_right.jpg,,
1548_right.jpg,,
1642_right.jpg,,
1616_left.jpg,,
1613_left.jpg,,
1677_right.jpg,,
1593_left.jpg,,
1559_right.jpg,,
1662_left.jpg,,
525_left.jpg,,
1629_right.jpg,,
1533_right.jpg,,
1643_left.jpg,,
1581_right.jpg,,
1600_right.jpg,,
504_left.jpg,,
1681_right.jpg,,
1686_left.jpg,,
1527_left.jpg,,
1630_right.jpg,,
1606_right.jpg,,
1580_left.jpg,,
1588_right.jpg,,
214_right.jpg,,
1567_right.jpg,,
1349_left.jpg,,
46_right.jpg,,
225_left.jpg,,
233_right.jpg,,
1548_left.jpg,,
1012_right.jpg,,
1607_right.jpg,,
1570_left.jpg,,
1583_right.jpg,,
1617_left.jpg,,
1612_left.jpg,,
16_right.jpg,,
1586_right.jpg,,
481_left.jpg,,
475_right.jpg,,
1555_right.jpg,,
1624_right.jpg,,
1554_right.jpg,,
1621_right.jpg,,
879_left.jpg,,
887_left.jpg,,
672_left.jpg,,
121_left.jpg,,
51_right.jpg,,
580_right.jpg,,
163_right.jpg,,
1884_left.jpg,,
135_right.jpg,,
70_left.jpg,,
1383_left.jpg,,
227_right.jpg,,
1124_left.jpg,,
105_left.jpg,,
891_left.jpg,,
253_left.jpg,,
285_right.jpg,,
101_right.jpg,,
366_left.jpg,,
731_left.jpg,,
959_right.jpg,,
134_left.jpg,,
878_left.jpg,,
924_right.jpg,,
587_left.jpg,,
192_right.jpg,,
200_left.jpg,,
1015_left.jpg,,
778_left.jpg,,
382_right.jpg,,
766_right.jpg,,
652_left.jpg,,
640_right.jpg,,
661_right.jpg,,
623_left.jpg,,
963_right.jpg,,
34_left.jpg,,
2185_right.jpg,,
388_left.jpg,,
958_left.jpg,,
351_left.jpg,,
1120_right.jpg,,
360_left.jpg,,
526_right.jpg,,
310_right.jpg,,
1095_left.jpg,,
219_left.jpg,,
727_left.jpg,,
244_left.jpg,,
1454_left.jpg,,
521_right.jpg,,
881_right.jpg,,
778_right.jpg,,
349_right.jpg,,
299_right.jpg,,
700_right.jpg,,
221_left.jpg,,
1016_right.jpg,,
132_right.jpg,,
302_right.jpg,,
463_left.jpg,,
344_left.jpg,,
546_left.jpg,,
1028_left.jpg,,
402_right.jpg,,
1480_left.jpg,,
844_right.jpg,,
1013_right.jpg,,
702_right.jpg,,
510_right.jpg,,
480_right.jpg,,
170_left.jpg,,
480_left.jpg,,
856_left.jpg,,
190_right.jpg,,
239_right.jpg,,
150_left.jpg,,
918_left.jpg,,
699_left.jpg,,
316_left.jpg,,
670_left.jpg,,
405_right.jpg,,
232_right.jpg,,
798_left.jpg,,
834_right.jpg,,
1092_right.jpg,,
524_right.jpg,,
123_left.jpg,,
953_right.jpg,,
945_right.jpg,,
1644_left.jpg,,
451_left.jpg,,
1528_right.jpg,,
407_right.jpg,,
735_right.jpg,,
596_left.jpg,,
932_right.jpg,,
31_left.jpg,,
487_left.jpg,,
711_right.jpg,,
1109_right.jpg,,
1250_right.jpg,,
1174_right.jpg,,
708_left.jpg,,
406_right.jpg,,
629_right.jpg,,
421_right.jpg,,
100_left.jpg,,
928_left.jpg,,
876_right.jpg,,
899_right.jpg,,
871_right.jpg,,
258_right.jpg,,
1033_right.jpg,,
509_right.jpg,,
749_left.jpg,,
476_right.jpg,,
196_left.jpg,,
511_right.jpg,,
65_left.jpg,,
422_left.jpg,,
921_right.jpg,,
941_right.jpg,,
966_left.jpg,,
398_left.jpg,,
501_left.jpg,,
1093_left.jpg,,
73_left.jpg,,
2006_left.jpg,,
1050_right.jpg,,
21_left.jpg,,
756_right.jpg,,
2173_left.jpg,,
696_left.jpg,,
664_right.jpg,,
29_left.jpg,,
1170_right.jpg,,
2199_right.jpg,,
909_left.jpg,,
428_left.jpg,,
1041_right.jpg,,
454_right.jpg,,
1964_right.jpg,,
528_right.jpg,,
77_right.jpg,,
175_left.jpg,,
857_right.jpg,,
138_left.jpg,,
585_right.jpg,,
204_right.jpg,,
156_left.jpg,,
974_left.jpg,,
987_left.jpg,,
169_right.jpg,,
4_left.jpg,,
745_left.jpg,,
149_right.jpg,,
201_right.jpg,,
352_left.jpg,,
950_right.jpg,,
465_left.jpg,,
502_left.jpg,,
21_right.jpg,,
271_left.jpg,,
17_left.jpg,,
125_left.jpg,,
776_right.jpg,,
943_right.jpg,,
919_left.jpg,,
297_left.jpg,,
228_right.jpg,,
731_right.jpg,,
326_right.jpg,,
522_right.jpg,,
925_right.jpg,,
858_left.jpg,,
1011_right.jpg,,
1681_left.jpg,,
635_right.jpg,,
1516_left.jpg,,
897_left.jpg,,
946_right.jpg,,
787_left.jpg,,
1219_right.jpg,,
1986_right.jpg,,
803_right.jpg,,
531_left.jpg,,
952_left.jpg,,
500_left.jpg,,
515_right.jpg,,
316_right.jpg,,
642_right.jpg,,
617_right.jpg,,
628_left.jpg,,
758_right.jpg,,
458_left.jpg,,
1031_left.jpg,,
789_right.jpg,,
739_right.jpg,,
785_right.jpg,,
1019_left.jpg,,
952_right.jpg,,
767_left.jpg,,
245_right.jpg,,
921_left.jpg,,
689_left.jpg,,
385_right.jpg,,
471_left.jpg,,
873_right.jpg,,
584_left.jpg,,
573_right.jpg,,
278_right.jpg,,
421_left.jpg,,
1116_right.jpg,,
1985_right.jpg,,
986_right.jpg,,
295_right.jpg,,
407_left.jpg,,
880_right.jpg,,
752_right.jpg,,
779_right.jpg,,
372_left.jpg,,
350_left.jpg,,
962_right.jpg,,
639_right.jpg,,
1133_left.jpg,,
725_left.jpg,,
129_left.jpg,,
496_right.jpg,,
404_left.jpg,,
2034_right.jpg,,
941_left.jpg,,
502_right.jpg,,
1891_left.jpg,,
370_left.jpg,,
286_right.jpg,,
1012_left.jpg,,
343_right.jpg,,
99_left.jpg,,
437_right.jpg,,
119_right.jpg,,
52_right.jpg,,
433_left.jpg,,
747_left.jpg,,
930_left.jpg,,
368_right.jpg,,
772_left.jpg,,
715_left.jpg,,
1471_right.jpg,,
559_right.jpg,,
1148_right.jpg,,
392_left.jpg,,
901_right.jpg,,
857_left.jpg,,
730_left.jpg,,
710_right.jpg,,
97_right.jpg,,
774_left.jpg,,
2204_right.jpg,,
185_left.jpg,,
965_left.jpg,,
380_right.jpg,,
732_right.jpg,,
657_right.jpg,,
585_left.jpg,,
297_right.jpg,,
523_right.jpg,,
91_right.jpg,,
318_right.jpg,,
875_left.jpg,,
973_left.jpg,,
891_right.jpg,,
704_left.jpg,,
332_right.jpg,,
286_left.jpg,,
1023_right.jpg,,
166_right.jpg,,
37_left.jpg,,
2118_left.jpg,,
1010_right.jpg,,
325_left.jpg,,
1074_left.jpg,,
1143_left.jpg,,
545_left.jpg,,
34_right.jpg,,
450_right.jpg,,
88_right.jpg,,
636_left.jpg,,
668_left.jpg,,
2123_right.jpg,,
1383_right.jpg,,
142_right.jpg,,
764_right.jpg,,
61_left.jpg,,
611_right.jpg,,
962_left.jpg,,
182_left.jpg,,
216_right.jpg,,
590_right.jpg,,
642_left.jpg,,
517_left.jpg,,
1122_left.jpg,,
1419_right.jpg,,
425_right.jpg,,
1987_right.jpg,,
646_left.jpg,,
68_right.jpg,,
329_left.jpg,,
371_left.jpg,,
590_left.jpg,,
314_right.jpg,,
452_left.jpg,,
154_left.jpg,,
655_left.jpg,,
246_left.jpg,,
1304_left.jpg,,
1990_right.jpg,,
1520_left.jpg,,
1160_right.jpg,,
969_left.jpg,,
503_left.jpg,,
782_left.jpg,,
140_right.jpg,,
780_left.jpg,,
858_right.jpg,,
1516_right.jpg,,
929_right.jpg,,
1308_left.jpg,,
255_right.jpg,,
156_right.jpg,,
10_left.jpg,,
895_left.jpg,,
591_right.jpg,,
15_right.jpg,,
431_left.jpg,,
468_right.jpg,,
1119_left.jpg,,
527_left.jpg,,
397_left.jpg,,
742_left.jpg,,
899_left.jpg,,
396_right.jpg,,
1058_right.jpg,,
685_left.jpg,,
399_left.jpg,,
867_left.jpg,,
666_left.jpg,,
1999_right.jpg,,
753_left.jpg,,
1304_right.jpg,,
301_left.jpg,,
579_left.jpg,,
181_right.jpg,,
632_left.jpg,,
911_left.jpg,,
269_left.jpg,,
134_right.jpg,,
2020_left.jpg,,
115_left.jpg,,
1032_right.jpg,,
904_right.jpg,,
423_right.jpg,,
1609_right.jpg,,
1080_left.jpg,,
303_right.jpg,,
1396_right.jpg,,
454_left.jpg,,
787_right.jpg,,
1865_right.jpg,,
172_left.jpg,,
456_left.jpg,,
402_left.jpg,,
830_left.jpg,,
406_left.jpg,,
526_left.jpg,,
853_right.jpg,,
356_right.jpg,,
261_right.jpg,,
973_right.jpg,,
781_right.jpg,,
1086_right.jpg,,
738_left.jpg,,
1079_left.jpg,,
2111_right.jpg,,
1052_left.jpg,,
318_left.jpg,,
404_right.jpg,,
644_right.jpg,,
1079_right.jpg,,
837_left.jpg,,
1173_left.jpg,,
816_right.jpg,,
727_right.jpg,,
1264_right.jpg,,
416_right.jpg,,
630_left.jpg,,
1673_left.jpg,,
400_right.jpg,,
979_right.jpg,,
1308_right.jpg,,
1132_right.jpg,,
98_left.jpg,,
1170_left.jpg,,
1200_right.jpg,,
660_left.jpg,,
130_left.jpg,,
661_left.jpg,,
575_right.jpg,,
275_right.jpg,,
542_right.jpg,,
990_right.jpg,,
646_right.jpg,,
721_left.jpg,,
645_left.jpg,,
1186_left.jpg,,
457_right.jpg,,
259_right.jpg,,
1099_left.jpg,,
981_right.jpg,,
384_right.jpg,,
488_right.jpg,,
373_right.jpg,,
1299_left.jpg,,
1462_right.jpg,,
